/*
SQLyog 企业版 - MySQL GUI v8.14 
MySQL - 5.7.20-log : Database - vr360
*********************************************************************
*/

/*!40101 SET NAMES utf8 */;

/*!40101 SET SQL_MODE=''*/;

/*!40014 SET @OLD_UNIQUE_CHECKS=@@UNIQUE_CHECKS, UNIQUE_CHECKS=0 */;
/*!40014 SET @OLD_FOREIGN_KEY_CHECKS=@@FOREIGN_KEY_CHECKS, FOREIGN_KEY_CHECKS=0 */;
/*!40101 SET @OLD_SQL_MODE=@@SQL_MODE, SQL_MODE='NO_AUTO_VALUE_ON_ZERO' */;
/*!40111 SET @OLD_SQL_NOTES=@@SQL_NOTES, SQL_NOTES=0 */;
CREATE DATABASE /*!32312 IF NOT EXISTS*/`vr360` /*!40100 DEFAULT CHARACTER SET utf8 */;

USE `vr360`;

/*Table structure for table `admin_db` */

DROP TABLE IF EXISTS `admin_db`;

CREATE TABLE `admin_db` (
  `admin_id` int(11) NOT NULL AUTO_INCREMENT COMMENT '管理员id',
  `admin_name` varchar(16) NOT NULL COMMENT '管理员昵称',
  `admin_password` varchar(64) NOT NULL COMMENT '管理员登录密码',
  `admin_realname` varchar(16) NOT NULL COMMENT '管理员真实姓名',
  `admin_sex` tinyint(1) DEFAULT '0' COMMENT '管理员性别 男0女1',
  `admin_header_img` varchar(128) DEFAULT NULL COMMENT '管理员头像url',
  `admin_lastlogin_time` timestamp NOT NULL DEFAULT CURRENT_TIMESTAMP,
  PRIMARY KEY (`admin_id`)
) ENGINE=InnoDB AUTO_INCREMENT=1246886076 DEFAULT CHARSET=utf8;

/*Data for the table `admin_db` */

insert  into `admin_db`(`admin_id`,`admin_name`,`admin_password`,`admin_realname`,`admin_sex`,`admin_header_img`,`admin_lastlogin_time`) values (1246886075,'北风','c7be7f2cb7a8ee485c05d18a85ccda0d','田智',0,NULL,'2018-05-23 09:04:20');

/*Table structure for table `admin_login_log_db` */

DROP TABLE IF EXISTS `admin_login_log_db`;

CREATE TABLE `admin_login_log_db` (
  `login_log_id` int(11) NOT NULL AUTO_INCREMENT,
  `admin_id` int(11) NOT NULL COMMENT '管理员id',
  `login_log_time` timestamp NOT NULL DEFAULT CURRENT_TIMESTAMP COMMENT '管理员登录时间',
  `login_log_location` varchar(64) DEFAULT NULL COMMENT '登录地点',
  `login_log_longitude` varchar(32) DEFAULT NULL COMMENT '经度',
  `login_log_latitude` varchar(32) DEFAULT NULL COMMENT '纬度',
  `login_log_ip` varchar(32) DEFAULT NULL COMMENT '登录ip',
  PRIMARY KEY (`login_log_id`),
  KEY `admin_id` (`admin_id`),
  CONSTRAINT `admin_login_log_db_ibfk_1` FOREIGN KEY (`admin_id`) REFERENCES `admin_db` (`admin_id`) ON DELETE CASCADE ON UPDATE CASCADE
) ENGINE=InnoDB DEFAULT CHARSET=utf8;

/*Data for the table `admin_login_log_db` */

/*Table structure for table `admin_t` */

DROP TABLE IF EXISTS `admin_t`;

CREATE TABLE `admin_t` (
  `id` varchar(32) NOT NULL COMMENT '管理员id',
  `username` varchar(32) NOT NULL COMMENT '用户名',
  `password` varchar(32) NOT NULL COMMENT '密码',
  PRIMARY KEY (`id`)
) ENGINE=InnoDB DEFAULT CHARSET=utf8;

/*Data for the table `admin_t` */

insert  into `admin_t`(`id`,`username`,`password`) values ('cce09e5e5e1647e4be92665ced088078','beifeng','1246886075');

/*Table structure for table `authentication_type_db` */

DROP TABLE IF EXISTS `authentication_type_db`;

CREATE TABLE `authentication_type_db` (
  `authentication_type_id` int(11) NOT NULL AUTO_INCREMENT COMMENT 'id，主键',
  `authentication_type_name` varchar(16) NOT NULL COMMENT '认证方式',
  PRIMARY KEY (`authentication_type_id`)
) ENGINE=InnoDB AUTO_INCREMENT=5 DEFAULT CHARSET=utf8;

/*Data for the table `authentication_type_db` */

insert  into `authentication_type_db`(`authentication_type_id`,`authentication_type_name`) values (1,'QQ'),(2,'微信'),(3,'手机'),(4,'微博');

/*Table structure for table `campus_t` */

DROP TABLE IF EXISTS `campus_t`;

CREATE TABLE `campus_t` (
  `id` varchar(32) NOT NULL COMMENT '校区id',
  `campus_name` varchar(16) NOT NULL COMMENT '校区名',
  PRIMARY KEY (`id`)
) ENGINE=InnoDB DEFAULT CHARSET=utf8;

/*Data for the table `campus_t` */

insert  into `campus_t`(`id`,`campus_name`) values ('1','雅安'),('2','成都'),('3','都江堰');

/*Table structure for table `candidate_t` */

DROP TABLE IF EXISTS `candidate_t`;

CREATE TABLE `candidate_t` (
  `id` varchar(32) NOT NULL COMMENT '答辩人id',
  `college_id` varchar(32) NOT NULL COMMENT '学院id',
  `candidate_name` varchar(32) NOT NULL COMMENT '竞选人姓名',
  `candidate_number` varchar(32) DEFAULT NULL COMMENT '竞选人学号',
  PRIMARY KEY (`id`),
  KEY `candidate_t_ibfk_1` (`college_id`),
  CONSTRAINT `candidate_t_ibfk_1` FOREIGN KEY (`college_id`) REFERENCES `college_t` (`id`) ON DELETE CASCADE
) ENGINE=InnoDB DEFAULT CHARSET=utf8;

/*Data for the table `candidate_t` */

insert  into `candidate_t`(`id`,`college_id`,`candidate_name`,`candidate_number`) values ('59154e85b5b9475ea3f700d39f780b9b','03156c84fff540f0ab5b1464415c8476','田智',NULL),('6fa8375f5a444c019d99d85808caaac5','03156c84fff540f0ab5b1464415c8476','王明亮',NULL),('cc31533034724021bbccd4346e6d9e1e','ceff4eedaf1d4a1997c84f934e4194de','五三',NULL),('e674d49dcfa94f3db2a9a4b20eb32cc3','ceff4eedaf1d4a1997c84f934e4194de','丝丽雅',NULL);

/*Table structure for table `college_t` */

DROP TABLE IF EXISTS `college_t`;

CREATE TABLE `college_t` (
  `id` varchar(32) NOT NULL COMMENT '学院id',
  `campus_id` varchar(32) NOT NULL COMMENT '校区id',
  `college_name` varchar(32) NOT NULL COMMENT '学院名称',
  `candidate_num` int(12) NOT NULL COMMENT '当前学院竞选人数',
  PRIMARY KEY (`id`),
  KEY `campus_id` (`campus_id`)
) ENGINE=InnoDB DEFAULT CHARSET=utf8;

/*Data for the table `college_t` */

insert  into `college_t`(`id`,`campus_id`,`college_name`,`candidate_num`) values ('03156c84fff540f0ab5b1464415c8476','1','信息工程学院',2),('ceff4eedaf1d4a1997c84f934e4194de','1','吧啦啦啦',2);

/*Table structure for table `current_vote_t` */

DROP TABLE IF EXISTS `current_vote_t`;

CREATE TABLE `current_vote_t` (
  `id` varchar(32) NOT NULL COMMENT '当前管理表id',
  `start_vote` tinyint(1) NOT NULL DEFAULT '0' COMMENT '是否开始投票',
  `current_college_id` varchar(32) DEFAULT NULL COMMENT '当前投票学院id',
  `current_field` int(2) DEFAULT '1' COMMENT '当前投票场次',
  `start_vote_college` tinyint(1) DEFAULT '0' COMMENT '是否开启学院投票',
  PRIMARY KEY (`id`)
) ENGINE=InnoDB DEFAULT CHARSET=utf8;

/*Data for the table `current_vote_t` */

insert  into `current_vote_t`(`id`,`start_vote`,`current_college_id`,`current_field`,`start_vote_college`) values ('1',1,'03156c84fff540f0ab5b1464415c8476',2,1);

/*Table structure for table `log_t` */

DROP TABLE IF EXISTS `log_t`;

CREATE TABLE `log_t` (
  `id` varchar(32) NOT NULL COMMENT '日志id',
  `user_id` varchar(32) NOT NULL COMMENT '用户id，外键',
  `log_time` datetime DEFAULT CURRENT_TIMESTAMP COMMENT '记录时间,默认当前时间',
  `log_ip` varchar(32) DEFAULT NULL COMMENT '操作ip',
  `log_action` varchar(200) DEFAULT NULL COMMENT '操作内容',
  PRIMARY KEY (`id`),
  KEY `log_t_ibfk_1` (`user_id`),
  CONSTRAINT `log_t_ibfk_1` FOREIGN KEY (`user_id`) REFERENCES `user_t` (`id`) ON DELETE CASCADE
) ENGINE=InnoDB DEFAULT CHARSET=utf8;

/*Data for the table `log_t` */

insert  into `log_t`(`id`,`user_id`,`log_time`,`log_ip`,`log_action`) values ('0f3752de571d4914bef0b94f60b561a7','640c56eb94cc4904b129dc9de1a8ba6c','2018-10-21 20:33:25','0:0:0:0:0:0:0:1','登录'),('107e3c1c2bbd4aa0b41232c1616319e5','640c56eb94cc4904b129dc9de1a8ba6c','2018-10-20 12:34:37','0:0:0:0:0:0:0:1','登录'),('1dfd2849eb7e4694bc2dc7bf17be999c','a8e03fe5eb41467fb9101d6ea54f363d','2018-10-21 21:26:56','0:0:0:0:0:0:0:1','登录'),('294427d6fa8e48479c3bec222c4cecc2','89b196b5d528405e916cd765511649ff','2018-10-22 17:03:19','0:0:0:0:0:0:0:1','登录'),('2b4f9891af2e441f956d16ae090462e1','69199f84e9a24351bd562d5393d29382','2018-10-21 21:45:55','0:0:0:0:0:0:0:1','登录'),('4f4499df02a34cccb34dcacfb23d9aaa','89b196b5d528405e916cd765511649ff','2018-10-22 16:50:54','0:0:0:0:0:0:0:1','登录'),('50d228c01adf4084afee5a6fc135c29a','a8e03fe5eb41467fb9101d6ea54f363d','2018-10-21 20:50:57','0:0:0:0:0:0:0:1','登录'),('587bbb5b881848d5ba8ed80c14e18f1d','640c56eb94cc4904b129dc9de1a8ba6c','2018-10-20 12:36:37','0:0:0:0:0:0:0:1','登录'),('594c05fc72674f7a9ee21fbf0dd5cd90','640c56eb94cc4904b129dc9de1a8ba6c','2018-10-21 21:26:18','0:0:0:0:0:0:0:1','登录'),('92d9d52b845144b39c0b200616526dde','89b196b5d528405e916cd765511649ff','2018-10-21 21:31:06','0:0:0:0:0:0:0:1','登录'),('a2ba6eb3cb3240c0956a70043eb7fd19','89b196b5d528405e916cd765511649ff','2018-10-22 17:04:47','0:0:0:0:0:0:0:1','登录'),('a76c41da6a824fbc8fdb28f08b7c7ab0','89b196b5d528405e916cd765511649ff','2018-10-22 17:49:46','0:0:0:0:0:0:0:1','登录'),('c754148fc98443bfa5ce73f0490297bb','89b196b5d528405e916cd765511649ff','2018-10-21 20:53:20','0:0:0:0:0:0:0:1','登录'),('eb47212cec754278927482ed2bac4e5a','640c56eb94cc4904b129dc9de1a8ba6c','2018-10-21 17:16:35','0:0:0:0:0:0:0:1','登录'),('efd4bb7e85114bb1909c42c0a83fd985','a8e03fe5eb41467fb9101d6ea54f363d','2018-10-22 17:04:15','0:0:0:0:0:0:0:1','登录');

/*Table structure for table `message_board_db` */

DROP TABLE IF EXISTS `message_board_db`;

CREATE TABLE `message_board_db` (
  `message_board_id` int(13) NOT NULL AUTO_INCREMENT COMMENT '主键id',
  `message_board_content` varchar(128) NOT NULL COMMENT '发送内容',
  `message_board_date` varchar(32) NOT NULL COMMENT '发送时间',
  `hasallowed` int(2) NOT NULL DEFAULT '1' COMMENT '是否被允许发布，0不允许，1允许',
  PRIMARY KEY (`message_board_id`)
) ENGINE=InnoDB AUTO_INCREMENT=6 DEFAULT CHARSET=utf8;

/*Data for the table `message_board_db` */

insert  into `message_board_db`(`message_board_id`,`message_board_content`,`message_board_date`,`hasallowed`) values (1,'新增数据中心','1534666661',1),(2,'页面样式已升级','1534822219',1),(3,'师兄厉害','1535466581',1),(4,'VR360 1.0.0发布','1535818521',1),(5,'你好啊','1536802480',1);

/*Table structure for table `photo_type_db` */

DROP TABLE IF EXISTS `photo_type_db`;

CREATE TABLE `photo_type_db` (
  `photo_type_name` varchar(16) NOT NULL COMMENT '图片类型名称,主键',
  `photo_type_introduce` varchar(64) DEFAULT NULL COMMENT '图片类型介绍',
  PRIMARY KEY (`photo_type_name`)
) ENGINE=InnoDB DEFAULT CHARSET=utf8;

/*Data for the table `photo_type_db` */

insert  into `photo_type_db`(`photo_type_name`,`photo_type_introduce`) values ('back','后景'),('bottom','下景'),('combination','组合全景'),('front','前景'),('left','左景'),('right','右景'),('single','单张照片'),('sola','单张全景'),('top','上景');

/*Table structure for table `rater_vote_log_t` */

DROP TABLE IF EXISTS `rater_vote_log_t`;

CREATE TABLE `rater_vote_log_t` (
  `id` varchar(32) NOT NULL COMMENT '评委投票记录id',
  `rater_id` varchar(32) NOT NULL COMMENT '投票人，对应user_t表',
  `vote_college_id` varchar(32) DEFAULT NULL COMMENT '投票学院，即场次，第二轮可为null',
  `vote_candidate_result` varchar(32) DEFAULT NULL COMMENT '所投结果,对应candidate_t的id，为null则表示弃权',
  `vote_field` int(2) DEFAULT NULL COMMENT '投票轮次，1为第一轮，2为第二轮',
  `vote_time` datetime DEFAULT CURRENT_TIMESTAMP COMMENT '投票时间',
  PRIMARY KEY (`id`),
  KEY `rater_vote_log_t_ibfk_1` (`rater_id`),
  KEY `rater_vote_log_t_ibfk_2` (`vote_college_id`),
  KEY `rater_vote_log_t_ibfk_3` (`vote_candidate_result`),
  CONSTRAINT `rater_vote_log_t_ibfk_1` FOREIGN KEY (`rater_id`) REFERENCES `user_t` (`id`) ON DELETE CASCADE,
  CONSTRAINT `rater_vote_log_t_ibfk_2` FOREIGN KEY (`vote_college_id`) REFERENCES `college_t` (`id`) ON DELETE CASCADE,
  CONSTRAINT `rater_vote_log_t_ibfk_3` FOREIGN KEY (`vote_candidate_result`) REFERENCES `candidate_t` (`id`) ON DELETE CASCADE
) ENGINE=InnoDB DEFAULT CHARSET=utf8;

/*Data for the table `rater_vote_log_t` */

insert  into `rater_vote_log_t`(`id`,`rater_id`,`vote_college_id`,`vote_candidate_result`,`vote_field`,`vote_time`) values ('5072b658497e42218563fa1182ad6ff6','89b196b5d528405e916cd765511649ff','03156c84fff540f0ab5b1464415c8476','6fa8375f5a444c019d99d85808caaac5',1,'2018-10-21 20:53:22'),('5eb38d5341d8407eb899a7d4bb6a2e9d','640c56eb94cc4904b129dc9de1a8ba6c','03156c84fff540f0ab5b1464415c8476','59154e85b5b9475ea3f700d39f780b9b',1,'2018-10-21 17:17:01'),('76fbfbe1aa0a4d9f96065f729ae9fca7','69199f84e9a24351bd562d5393d29382','03156c84fff540f0ab5b1464415c8476','59154e85b5b9475ea3f700d39f780b9b',1,'2018-10-21 21:46:20'),('a60809145a224d0faab97fb0cf01acfd','a8e03fe5eb41467fb9101d6ea54f363d','03156c84fff540f0ab5b1464415c8476','59154e85b5b9475ea3f700d39f780b9b',1,'2018-10-21 20:51:57');

/*Table structure for table `relationship_db` */

DROP TABLE IF EXISTS `relationship_db`;

CREATE TABLE `relationship_db` (
  `relationship_id` int(16) NOT NULL AUTO_INCREMENT COMMENT '关系表id',
  `fan_auth_id` varchar(128) NOT NULL COMMENT '关注者authid',
  `follow_auth_id` varchar(128) NOT NULL COMMENT '被关注者authid',
  `follow_time` datetime NOT NULL DEFAULT CURRENT_TIMESTAMP COMMENT '关系成立时间',
  PRIMARY KEY (`relationship_id`),
  KEY `FK_relationship_db` (`fan_auth_id`),
  KEY `FK2_relationship_db` (`follow_auth_id`),
  CONSTRAINT `FK2_relationship_db` FOREIGN KEY (`follow_auth_id`) REFERENCES `user_db` (`user_authentication_id`),
  CONSTRAINT `FK_relationship_db` FOREIGN KEY (`fan_auth_id`) REFERENCES `user_db` (`user_authentication_id`)
) ENGINE=InnoDB AUTO_INCREMENT=2 DEFAULT CHARSET=utf8;

/*Data for the table `relationship_db` */

insert  into `relationship_db`(`relationship_id`,`fan_auth_id`,`follow_auth_id`,`follow_time`) values (1,'17321914392','3718919977F76484EAF1E4C554CCB459','2018-08-31 23:28:29');

/*Table structure for table `second_data_t` */

DROP TABLE IF EXISTS `second_data_t`;

CREATE TABLE `second_data_t` (
  `id` varchar(32) NOT NULL COMMENT '主键id',
  `pass_num` int(11) DEFAULT '0' COMMENT '第二轮通过名单',
  `vote_rule` int(11) DEFAULT '1' COMMENT '投票规则：1老师和学生，2仅老师，3仅学生',
  `show_type` int(11) DEFAULT '1' COMMENT '显示方式，1同一页显示，2长页显示',
  PRIMARY KEY (`id`)
) ENGINE=InnoDB DEFAULT CHARSET=utf8;

/*Data for the table `second_data_t` */

insert  into `second_data_t`(`id`,`pass_num`,`vote_rule`,`show_type`) values ('1',5,2,2);

/*Table structure for table `second_student_t` */

DROP TABLE IF EXISTS `second_student_t`;

CREATE TABLE `second_student_t` (
  `id` varchar(32) NOT NULL COMMENT '主键id',
  `college_name` varchar(32) NOT NULL COMMENT '所在学院名',
  `candidate_name` varchar(32) NOT NULL COMMENT '竞选人姓名',
  `sicau_id` varchar(16) DEFAULT NULL COMMENT '学号',
  `voted_num` int(11) DEFAULT '0' COMMENT '得票数',
  PRIMARY KEY (`id`)
) ENGINE=InnoDB DEFAULT CHARSET=utf8;

/*Data for the table `second_student_t` */

insert  into `second_student_t`(`id`,`college_name`,`candidate_name`,`sicau_id`,`voted_num`) values ('5afa6c8017984f0780441fd719c225c8','啦啦啦','啦啦啦啦','2010',0);

/*Table structure for table `second_vote_log_t` */

DROP TABLE IF EXISTS `second_vote_log_t`;

CREATE TABLE `second_vote_log_t` (
  `id` varchar(32) NOT NULL COMMENT '主键id',
  `rater_id` varchar(32) NOT NULL COMMENT '投票者id',
  PRIMARY KEY (`id`)
) ENGINE=InnoDB DEFAULT CHARSET=utf8;

/*Data for the table `second_vote_log_t` */

/*Table structure for table `statistics_db` */

DROP TABLE IF EXISTS `statistics_db`;

CREATE TABLE `statistics_db` (
  `statistics_id` varchar(32) NOT NULL COMMENT '统计主键',
  `statistics_num` int(16) NOT NULL DEFAULT '0' COMMENT '数量',
  `statistics_update` datetime NOT NULL DEFAULT CURRENT_TIMESTAMP COMMENT '上次更新时间',
  `order_num` int(16) DEFAULT NULL COMMENT '排序数字',
  PRIMARY KEY (`statistics_id`)
) ENGINE=InnoDB DEFAULT CHARSET=utf8;

/*Data for the table `statistics_db` */

insert  into `statistics_db`(`statistics_id`,`statistics_num`,`statistics_update`,`order_num`) values ('day_eight',0,'2018-08-19 10:04:18',8),('day_eleven',0,'2018-08-19 10:04:33',11),('day_five',0,'2018-08-19 10:03:56',5),('day_four',0,'2018-08-19 10:03:52',4),('day_nine',0,'2018-08-19 10:04:24',9),('day_one',0,'2018-08-19 10:02:12',1),('day_seven',0,'2018-08-19 10:04:09',7),('day_six',0,'2018-08-19 10:04:02',6),('day_ten',0,'2018-08-19 10:04:28',10),('day_three',0,'2018-08-19 10:03:50',3),('day_twelve',0,'2018-08-19 10:04:47',12),('day_two',0,'2018-08-19 10:03:43',2),('week_five',0,'2018-08-19 10:05:48',17),('week_four',0,'2018-08-19 10:05:42',16),('week_one',0,'2018-08-19 10:05:16',13),('week_seven',0,'2018-08-19 10:06:07',19),('week_six',0,'2018-08-19 10:05:53',18),('week_three',0,'2018-08-19 10:05:27',15),('week_two',0,'2018-08-19 10:05:21',14);

/*Table structure for table `system_config_t` */

DROP TABLE IF EXISTS `system_config_t`;

CREATE TABLE `system_config_t` (
  `id` varchar(32) NOT NULL COMMENT '主键id',
  `title` varchar(32) NOT NULL COMMENT '标题全称',
  `single_title` varchar(32) NOT NULL COMMENT '标题简称',
  `time_out_lock` int(11) NOT NULL COMMENT '管理员界面无操作锁屏时间',
  `screen_password` varchar(32) NOT NULL COMMENT '锁屏密码',
  PRIMARY KEY (`id`)
) ENGINE=InnoDB DEFAULT CHARSET=utf8;

/*Data for the table `system_config_t` */

insert  into `system_config_t`(`id`,`title`,`single_title`,`time_out_lock`,`screen_password`) values ('1','四川农业大学信息工程学院第三届才艺大赛','信工才艺大赛投票系统',1,'1246886075');

/*Table structure for table `user_db` */

DROP TABLE IF EXISTS `user_db`;

CREATE TABLE `user_db` (
  `user_id` int(11) NOT NULL AUTO_INCREMENT COMMENT 'id，主键，唯一',
  `user_name` varchar(16) NOT NULL COMMENT '用户名',
  `user_sex` char(1) NOT NULL DEFAULT 'b' COMMENT '性别 男b女g保密s',
  `authentication_type_id` int(11) NOT NULL COMMENT '认证方式表对应的id',
  `user_authentication_id` varchar(128) NOT NULL COMMENT '认证id，例如QQ号、微信号等',
  `user_header_img` varchar(128) DEFAULT '0' COMMENT '用户头像地址',
  `user_register_time` timestamp NOT NULL DEFAULT CURRENT_TIMESTAMP COMMENT '注册时间',
  `user_autograph` varchar(128) NOT NULL COMMENT '签名方式，密码等',
  `user_fans` int(11) DEFAULT '0' COMMENT '粉丝',
  `user_follow` int(11) DEFAULT '0' COMMENT '关注',
  `user_works` int(11) DEFAULT '0' COMMENT '作品',
  `user_des` varchar(64) DEFAULT '此人很懒，什么也没留下' COMMENT '个人介绍',
  `user_change_header` int(1) NOT NULL DEFAULT '0' COMMENT '0未更改，1已更改',
  PRIMARY KEY (`user_id`),
  UNIQUE KEY `user_authentication_id` (`user_authentication_id`),
  KEY `authentication_type_id` (`authentication_type_id`),
  CONSTRAINT `user_db_ibfk_1` FOREIGN KEY (`authentication_type_id`) REFERENCES `authentication_type_db` (`authentication_type_id`) ON DELETE CASCADE ON UPDATE CASCADE
) ENGINE=InnoDB AUTO_INCREMENT=8 DEFAULT CHARSET=utf8;

/*Data for the table `user_db` */

insert  into `user_db`(`user_id`,`user_name`,`user_sex`,`authentication_type_id`,`user_authentication_id`,`user_header_img`,`user_register_time`,`user_autograph`,`user_fans`,`user_follow`,`user_works`,`user_des`,`user_change_header`) values (1,'北风大大','b',3,'17321914392','\nhttps://vr360-beifengtz.oss-cn-beijing.aliyuncs.com/header-photo/17321914392.jpg','2018-05-15 13:11:12','e6e537d46540581aafa8d505896dee78',0,0,0,'北风大大太溜了，简直不要太溜',0),(2,'王明亮','b',3,'17737439993','0','2018-05-20 11:24:15','e6e537d46540581aafa8d505896dee78',0,0,0,'此人很懒，什么也没留下',0),(3,'北风','b',1,'3718919977F76484EAF1E4C554CCB459','http://thirdqq.qlogo.cn/qqapp/101473485/3718919977F76484EAF1E4C554CCB459/40','2018-06-07 16:12:06','3718919977F76484EAF1E4C554CCB459',0,0,0,'这是北风的QQ，欢迎骚扰',0),(4,'北风tz','b',4,'6053577165','http://tvax1.sinaimg.cn/crop.0.1.509.509.50/006BGbXnly8fmchzqo904j30e50e8t8v.jpg','2018-06-07 16:14:42','6053577165',0,0,0,'此人很懒，什么也没留下',0),(5,'Let me shine','g',1,'1FFC2330FFAA635B7C47A4C6E1E9AB22','http://thirdqq.qlogo.cn/qqapp/101473485/1FFC2330FFAA635B7C47A4C6E1E9AB22/40','2018-06-10 14:59:37','1FFC2330FFAA635B7C47A4C6E1E9AB22',0,0,0,'此人很懒，什么也没留下',0),(6,'不种胡杨不改名','g',1,'69287E5BFA18EB039BBBD4C3F87A989C','http://thirdqq.qlogo.cn/qqapp/101473485/69287E5BFA18EB039BBBD4C3F87A989C/40','2018-06-10 15:02:24','69287E5BFA18EB039BBBD4C3F87A989C',0,0,0,'此人很懒，什么也没留下',0),(7,'﹏v、乱乱唱','b',1,'8E49A2F1CC33BFDC3AFB265C114A288B','http://thirdqq.qlogo.cn/qqapp/101473485/8E49A2F1CC33BFDC3AFB265C114A288B/40','2018-08-21 01:32:52','8E49A2F1CC33BFDC3AFB265C114A288B',0,0,0,'此人很懒，什么也没留下',0);

/*Table structure for table `user_message_db` */

DROP TABLE IF EXISTS `user_message_db`;

CREATE TABLE `user_message_db` (
  `user_message_id` int(16) NOT NULL AUTO_INCREMENT COMMENT '用户消息id',
  `user_message_author` varchar(32) NOT NULL DEFAULT '系统' COMMENT '作者',
  `user_message_time` varchar(32) NOT NULL COMMENT '发送时间',
  `user_message_title` varchar(64) NOT NULL COMMENT '消息标题',
  `user_message_content` longtext NOT NULL COMMENT '消息内容',
  `has_read` int(2) NOT NULL DEFAULT '0' COMMENT '是否已读，1已读，0未读',
  `user_message_recipient` varchar(128) NOT NULL COMMENT '消息接收者',
  `user_message_link` longtext COMMENT '消息链接',
  `user_message_img` longtext COMMENT '消息图片',
  PRIMARY KEY (`user_message_id`),
  KEY `FK_user_message_db` (`user_message_recipient`),
  CONSTRAINT `FK_user_message_db` FOREIGN KEY (`user_message_recipient`) REFERENCES `user_db` (`user_authentication_id`)
) ENGINE=InnoDB AUTO_INCREMENT=87 DEFAULT CHARSET=utf8;

/*Data for the table `user_message_db` */

insert  into `user_message_db`(`user_message_id`,`user_message_author`,`user_message_time`,`user_message_title`,`user_message_content`,`has_read`,`user_message_recipient`,`user_message_link`,`user_message_img`) values (1,'系统','1534682578557','@北风','一位游客点赞了您的作品.',0,'3718919977F76484EAF1E4C554CCB459','/p/panorama-p.html?id=33','vrphoto/d1985769a78948818a2008d7d3152710-3718919977F76484EAF1E4C554CCB459-single.jpg'),(2,'系统','1534682621737','@北风大大','一位游客点赞了您的作品.',1,'17321914392','/p/panorama-p.html?id=18','vrphoto/1e879179f9c54236a24749e3fbc9af6b-17321914392-single.jpg'),(3,'系统','1534683357975','@北风大大','vr360好友【北风大大】点赞了您的作品.',1,'17321914392','/p/panorama-p.html?id=15','vrphoto/ddc41f8a07da4bc8bca3555ddf3e04a7-17321914392-single.jpg'),(4,'系统','1534683499695','@北风','vr360好友【北风大大】点赞了您的作品.',0,'3718919977F76484EAF1E4C554CCB459','/p/panorama-p.html?id=33','vrphoto/d1985769a78948818a2008d7d3152710-3718919977F76484EAF1E4C554CCB459-single.jpg'),(5,'系统','1534683526912','@北风','vr360好友【北风大大】点赞了您的作品.',0,'3718919977F76484EAF1E4C554CCB459','/p/panorama-p.html?id=29','vrphoto/3f8060d4f4994a329abadf86449f1056-3718919977F76484EAF1E4C554CCB459-single.jpg'),(6,'系统','1534683538447','@北风','vr360好友【北风大大】点赞了您的作品.',0,'3718919977F76484EAF1E4C554CCB459','/p/panorama-p.html?id=33','vrphoto/d1985769a78948818a2008d7d3152710-3718919977F76484EAF1E4C554CCB459-single.jpg'),(7,'系统','1534683538811','@北风','vr360好友【北风大大】点赞了您的作品.',0,'3718919977F76484EAF1E4C554CCB459','/p/panorama-p.html?id=33','vrphoto/d1985769a78948818a2008d7d3152710-3718919977F76484EAF1E4C554CCB459-single.jpg'),(8,'系统','1534683540730','@北风','vr360好友【北风大大】点赞了您的作品.',0,'3718919977F76484EAF1E4C554CCB459','/p/panorama-p.html?id=33','vrphoto/d1985769a78948818a2008d7d3152710-3718919977F76484EAF1E4C554CCB459-single.jpg'),(9,'系统','1534683541079','@北风','vr360好友【北风大大】点赞了您的作品.',0,'3718919977F76484EAF1E4C554CCB459','/p/panorama-p.html?id=33','vrphoto/d1985769a78948818a2008d7d3152710-3718919977F76484EAF1E4C554CCB459-single.jpg'),(10,'系统','1534683541912','@北风','vr360好友【北风大大】点赞了您的作品.',0,'3718919977F76484EAF1E4C554CCB459','/p/panorama-p.html?id=33','vrphoto/d1985769a78948818a2008d7d3152710-3718919977F76484EAF1E4C554CCB459-single.jpg'),(11,'系统','1534683542230','@北风','vr360好友【北风大大】点赞了您的作品.',0,'3718919977F76484EAF1E4C554CCB459','/p/panorama-p.html?id=33','vrphoto/d1985769a78948818a2008d7d3152710-3718919977F76484EAF1E4C554CCB459-single.jpg'),(12,'系统','1534683546648','@北风','vr360好友【北风大大】点赞了您的作品.',0,'3718919977F76484EAF1E4C554CCB459','/p/panorama-p.html?id=33','vrphoto/d1985769a78948818a2008d7d3152710-3718919977F76484EAF1E4C554CCB459-single.jpg'),(13,'系统','1534683547028','@北风','vr360好友【北风大大】点赞了您的作品.',0,'3718919977F76484EAF1E4C554CCB459','/p/panorama-p.html?id=33','vrphoto/d1985769a78948818a2008d7d3152710-3718919977F76484EAF1E4C554CCB459-single.jpg'),(14,'系统','1534683547384','@北风','vr360好友【北风大大】点赞了您的作品.',0,'3718919977F76484EAF1E4C554CCB459','/p/panorama-p.html?id=33','vrphoto/d1985769a78948818a2008d7d3152710-3718919977F76484EAF1E4C554CCB459-single.jpg'),(15,'系统','1534683548496','@北风','vr360好友【北风大大】点赞了您的作品.',0,'3718919977F76484EAF1E4C554CCB459','/p/panorama-p.html?id=33','vrphoto/d1985769a78948818a2008d7d3152710-3718919977F76484EAF1E4C554CCB459-single.jpg'),(16,'系统','1534683548847','@北风','vr360好友【北风大大】点赞了您的作品.',0,'3718919977F76484EAF1E4C554CCB459','/p/panorama-p.html?id=33','vrphoto/d1985769a78948818a2008d7d3152710-3718919977F76484EAF1E4C554CCB459-single.jpg'),(17,'系统','1534683549181','@北风','vr360好友【北风大大】点赞了您的作品.',0,'3718919977F76484EAF1E4C554CCB459','/p/panorama-p.html?id=33','vrphoto/d1985769a78948818a2008d7d3152710-3718919977F76484EAF1E4C554CCB459-single.jpg'),(18,'系统','1534683549448','@北风','vr360好友【北风大大】点赞了您的作品.',0,'3718919977F76484EAF1E4C554CCB459','/p/panorama-p.html?id=33','vrphoto/d1985769a78948818a2008d7d3152710-3718919977F76484EAF1E4C554CCB459-single.jpg'),(19,'系统','1534683594189','@北风','一位游客点赞了您的作品.',0,'3718919977F76484EAF1E4C554CCB459','/p/panorama-p.html?id=33','vrphoto/d1985769a78948818a2008d7d3152710-3718919977F76484EAF1E4C554CCB459-single.jpg'),(20,'系统','1534683596408','@北风','一位游客点赞了您的作品.',0,'3718919977F76484EAF1E4C554CCB459','/p/panorama-p.html?id=33','vrphoto/d1985769a78948818a2008d7d3152710-3718919977F76484EAF1E4C554CCB459-single.jpg'),(21,'系统','1534689134999','@北风','一位游客点赞了您的作品.',0,'3718919977F76484EAF1E4C554CCB459','/p/panorama.html?id=31','vrphoto/ebb3e5315b8a4c2482257e921deaa052-3718919977F76484EAF1E4C554CCB459-single.jpg'),(22,'系统','1534724134962','@北风','一位游客点赞了您的作品.',0,'3718919977F76484EAF1E4C554CCB459','/p/panorama.html?id=33','vrphoto/d1985769a78948818a2008d7d3152710-3718919977F76484EAF1E4C554CCB459-single.jpg'),(23,'系统','1534724833035','@北风','一位游客点赞了您的作品.',0,'3718919977F76484EAF1E4C554CCB459','/p/panorama.html?id=33','vrphoto/d1985769a78948818a2008d7d3152710-3718919977F76484EAF1E4C554CCB459-single.jpg'),(24,'系统','1534728772515','@北风大大','一位游客点赞了您的作品.',1,'17321914392','/p/panorama.html?id=15','vrphoto/ddc41f8a07da4bc8bca3555ddf3e04a7-17321914392-single.jpg'),(25,'系统','1534728782955','@北风','一位游客点赞了您的作品.',0,'3718919977F76484EAF1E4C554CCB459','/p/panorama.html?id=33','vrphoto/d1985769a78948818a2008d7d3152710-3718919977F76484EAF1E4C554CCB459-single.jpg'),(26,'系统','1534728832494','@北风大大','一位游客点赞了您的作品.',1,'17321914392','/p/panorama.html?id=35','vrphoto/a200ad2d32ef4197904f2cb82bc90eee-17321914392-single.jpeg'),(27,'系统','1534767157247','@北风','vr360好友【北风】点赞了您的作品.',0,'3718919977F76484EAF1E4C554CCB459','/p/panorama.html?id=36','vrphoto/b75ccbd3c014461794ba4fb0844f3cc6-3718919977F76484EAF1E4C554CCB459-single.jpg'),(28,'系统','1534767204683','@北风','vr360好友【北风】点赞了您的作品.',0,'3718919977F76484EAF1E4C554CCB459','/p/panorama.html?id=37','vrphoto/589572af01a9466c89e457052c3a076f-3718919977F76484EAF1E4C554CCB459-single.jpg'),(29,'系统','1534767622294','@北风','vr360好友【北风】点赞了您的作品.',0,'3718919977F76484EAF1E4C554CCB459','/p/panorama.html?id=39','vrphoto/7521cedc670a4ee4892bf6f3322819da-3718919977F76484EAF1E4C554CCB459-single.jpg'),(30,'系统','1534767988485','@北风','一位游客点赞了您的作品.',0,'3718919977F76484EAF1E4C554CCB459','/p/panorama.html?id=41','vrphoto/f3d160c16f4c4649b15acf12f558a1c6-3718919977F76484EAF1E4C554CCB459-single.jpg'),(31,'系统','1534768024781','@北风','vr360好友【北风】点赞了您的作品.',0,'3718919977F76484EAF1E4C554CCB459','/p/panorama.html?id=41','vrphoto/f3d160c16f4c4649b15acf12f558a1c6-3718919977F76484EAF1E4C554CCB459-single.jpg'),(32,'系统','1534768139986','@北风','vr360好友【北风】点赞了您的作品.',0,'3718919977F76484EAF1E4C554CCB459','/p/panorama.html?id=38','vrphoto/b5ae5492d6314083a34042f8588c2dc7-3718919977F76484EAF1E4C554CCB459-single.jpg'),(33,'系统','1534768441368','@北风','一位游客点赞了您的作品.',0,'3718919977F76484EAF1E4C554CCB459','/p/panorama.html?id=39','vrphoto/7521cedc670a4ee4892bf6f3322819da-3718919977F76484EAF1E4C554CCB459-single.jpg'),(34,'系统','1534768728827','@北风大大','vr360好友【北风】点赞了您的作品.',1,'17321914392','/p/panorama.html?id=15','vrphoto/ddc41f8a07da4bc8bca3555ddf3e04a7-17321914392-single.jpg'),(35,'系统','1534785852048','@北风','一位游客点赞了您的作品.',0,'3718919977F76484EAF1E4C554CCB459','/p/panorama.html?id=36','vrphoto/b75ccbd3c014461794ba4fb0844f3cc6-3718919977F76484EAF1E4C554CCB459-single.jpg'),(36,'系统','1534820665768','@北风','一位游客点赞了您的作品.',0,'3718919977F76484EAF1E4C554CCB459','/p/panorama.html?id=37','vrphoto/589572af01a9466c89e457052c3a076f-3718919977F76484EAF1E4C554CCB459-single.jpg'),(37,'系统','1534826429527','@北风','一位游客点赞了您的作品.',0,'3718919977F76484EAF1E4C554CCB459','/p/panorama.html?id=45','vrphoto/8a2c1168b5494716890b0c06fb23121e-3718919977F76484EAF1E4C554CCB459-single.jpg'),(38,'系统','1534844658845','@北风','一位游客点赞了您的作品.',0,'3718919977F76484EAF1E4C554CCB459','/p/panorama.html?id=45','vrphoto/8a2c1168b5494716890b0c06fb23121e-3718919977F76484EAF1E4C554CCB459-single.jpg'),(39,'系统','1534850452939','@北风','一位游客点赞了您的作品.',0,'3718919977F76484EAF1E4C554CCB459','/p/panorama.html?id=41','vrphoto/f3d160c16f4c4649b15acf12f558a1c6-3718919977F76484EAF1E4C554CCB459-single.jpg'),(40,'系统','1534858075396','@北风','一位游客点赞了您的作品.',0,'3718919977F76484EAF1E4C554CCB459','/p/panorama.html?id=33','vrphoto/d1985769a78948818a2008d7d3152710-3718919977F76484EAF1E4C554CCB459-single.jpg'),(41,'系统','1534858081546','@北风','一位游客点赞了您的作品.',0,'3718919977F76484EAF1E4C554CCB459','/p/panorama.html?id=29','vrphoto/3f8060d4f4994a329abadf86449f1056-3718919977F76484EAF1E4C554CCB459-single.jpg'),(42,'系统','1534858089111','@北风','一位游客点赞了您的作品.',0,'3718919977F76484EAF1E4C554CCB459','/p/panorama.html?id=28','vrphoto/514d61116c4a46228bc177cb99f326c9-3718919977F76484EAF1E4C554CCB459-single.jpg'),(43,'系统','1534858199748','@北风','一位游客点赞了您的作品.',0,'3718919977F76484EAF1E4C554CCB459','/p/panorama.html?id=36','vrphoto/b75ccbd3c014461794ba4fb0844f3cc6-3718919977F76484EAF1E4C554CCB459-single.jpg'),(44,'系统','1534858579559','@北风','一位游客点赞了您的作品.',0,'3718919977F76484EAF1E4C554CCB459','/p/panorama.html?id=36','vrphoto/b75ccbd3c014461794ba4fb0844f3cc6-3718919977F76484EAF1E4C554CCB459-single.jpg'),(45,'系统','1534859213863','@北风','一位游客点赞了您的作品.',0,'3718919977F76484EAF1E4C554CCB459','/p/panorama.html?id=36','vrphoto/b75ccbd3c014461794ba4fb0844f3cc6-3718919977F76484EAF1E4C554CCB459-single.jpg'),(46,'系统','1534859272025','@北风','一位游客点赞了您的作品.',0,'3718919977F76484EAF1E4C554CCB459','/p/panorama.html?id=38','vrphoto/b5ae5492d6314083a34042f8588c2dc7-3718919977F76484EAF1E4C554CCB459-single.jpg'),(47,'系统','1534859315841','@北风','一位游客点赞了您的作品.',0,'3718919977F76484EAF1E4C554CCB459','/p/panorama.html?id=38','vrphoto/b5ae5492d6314083a34042f8588c2dc7-3718919977F76484EAF1E4C554CCB459-single.jpg'),(48,'系统','1534865457043','@北风','一位游客点赞了您的作品.',0,'3718919977F76484EAF1E4C554CCB459','/p/panorama.html?id=36','vrphoto/b75ccbd3c014461794ba4fb0844f3cc6-3718919977F76484EAF1E4C554CCB459-single.jpg'),(49,'系统','1534866328586','@北风','一位游客点赞了您的作品.',0,'3718919977F76484EAF1E4C554CCB459','/p/panorama.html?id=36','vrphoto/b75ccbd3c014461794ba4fb0844f3cc6-3718919977F76484EAF1E4C554CCB459-single.jpg'),(50,'系统','1534901428414','@北风','一位游客点赞了您的作品.',0,'3718919977F76484EAF1E4C554CCB459','/p/panorama.html?id=41','vrphoto/f3d160c16f4c4649b15acf12f558a1c6-3718919977F76484EAF1E4C554CCB459-single.jpg'),(51,'系统','1534919872360','@北风','一位游客点赞了您的作品.',0,'3718919977F76484EAF1E4C554CCB459','/p/panorama.html?id=41','vrphoto/f3d160c16f4c4649b15acf12f558a1c6-3718919977F76484EAF1E4C554CCB459-single.jpg'),(52,'系统','1535068379058','@北风','一位游客点赞了您的作品.',0,'3718919977F76484EAF1E4C554CCB459','/p/panorama.html?id=36','vrphoto/b75ccbd3c014461794ba4fb0844f3cc6-3718919977F76484EAF1E4C554CCB459-single.jpg'),(53,'系统','1535534980633','@北风大大','一位游客点赞了您的作品.',1,'17321914392','/p/panorama.html?id=18','vrphoto/1e879179f9c54236a24749e3fbc9af6b-17321914392-single.jpg'),(54,'系统','1535535028834','@北风','一位游客点赞了您的作品.',0,'3718919977F76484EAF1E4C554CCB459','/p/panorama.html?id=33','vrphoto/d1985769a78948818a2008d7d3152710-3718919977F76484EAF1E4C554CCB459-single.jpg'),(55,'系统','1535539211276','@北风','一位游客点赞了您的作品.',0,'3718919977F76484EAF1E4C554CCB459','/p/panorama.html?id=44','vrphoto/75e9184966c74c2497efc4c8edd1dcbe-3718919977F76484EAF1E4C554CCB459-single.jpg'),(56,'系统','1535542997006','@北风','一位游客点赞了您的作品.',0,'3718919977F76484EAF1E4C554CCB459','/p/panorama.html?id=44','vrphoto/75e9184966c74c2497efc4c8edd1dcbe-3718919977F76484EAF1E4C554CCB459-single.jpg'),(57,'系统','1535543913545','@北风','一位游客点赞了您的作品.',0,'3718919977F76484EAF1E4C554CCB459','/p/panorama.html?id=33','vrphoto/d1985769a78948818a2008d7d3152710-3718919977F76484EAF1E4C554CCB459-single.jpg'),(58,'系统','1535620184800','@北风大大','一位游客点赞了您的作品.',1,'17321914392','/p/panorama.html?id=16','vrphoto/aa754d30930a4dac946a52d9207b0c30-17321914392-single.jpg'),(59,'系统','1535651925949','@北风','一位游客点赞了您的作品.',0,'3718919977F76484EAF1E4C554CCB459','/p/panorama.html?id=31','vrphoto/ebb3e5315b8a4c2482257e921deaa052-3718919977F76484EAF1E4C554CCB459-single.jpg'),(60,'系统','1535717048387','@北风','一位游客点赞了您的作品.',0,'3718919977F76484EAF1E4C554CCB459','/p/panorama.html?id=46','vrphoto/74616a61efd64e9387dccc2477b21638-3718919977F76484EAF1E4C554CCB459-single.jpg'),(61,'系统','1535717079815','有好友关注你啦！','vr360好友【北风大大】关注了您，希望和您一起去开创更大全景世界!',0,'3718919977F76484EAF1E4C554CCB459','/p/people.html?id=17321914392','\nhttps://vr360-beifengtz.oss-cn-beijing.aliyuncs.com/header-photo/17321914392.jpg'),(62,'系统','1535717383859','有好友关注你啦！','vr360好友【北风大大】关注了您，希望和您一起去开创更大全景世界!',0,'3718919977F76484EAF1E4C554CCB459','/p/people.html?id=17321914392','\nhttps://vr360-beifengtz.oss-cn-beijing.aliyuncs.com/header-photo/17321914392.jpg'),(63,'系统','1535717395962','有好友关注你啦！','vr360好友【北风大大】关注了您，希望和您一起去开创更大全景世界!',0,'3718919977F76484EAF1E4C554CCB459','/p/people.html?id=17321914392','\nhttps://vr360-beifengtz.oss-cn-beijing.aliyuncs.com/header-photo/17321914392.jpg'),(64,'系统','1535728003134','有好友关注你啦！','vr360好友【北风大大】关注了您，希望和您一起去开创更大全景世界!',0,'3718919977F76484EAF1E4C554CCB459','/p/people.html?id=17321914392','\nhttps://vr360-beifengtz.oss-cn-beijing.aliyuncs.com/header-photo/17321914392.jpg'),(65,'系统','1535729309355','有好友关注你啦！','vr360好友【北风大大】关注了您，希望和您一起去开创更大全景世界!',0,'3718919977F76484EAF1E4C554CCB459','/p/people.html?id=17321914392','\nhttps://vr360-beifengtz.oss-cn-beijing.aliyuncs.com/header-photo/17321914392.jpg'),(66,'系统','1535818572808','@北风大大','一位游客点赞了您的作品.',1,'17321914392','/p/panorama.html?id=16','https://vr360-beifengtz.oss-cn-beijing.aliyuncs.com/vrphoto/aa754d30930a4dac946a52d9207b0c30-17321914392-single.jpg?x-oss-process=style/vr-thumbnail'),(67,'系统','1536479947011','@北风大大','由于某种原因，您发布的此张全景图片被禁封，暂时无法分享，如有疑问请联系管理员。【净化网络环境，人人有责，请不要发布不良图片及信息】',0,'17321914392','/p/panorama.html?id=16','https://vr360-beifengtz.oss-cn-beijing.aliyuncs.com/vrphoto/aa754d30930a4dac946a52d9207b0c30-17321914392-single.jpg?x-oss-process=style/vr-thumbnail'),(68,'系统','1536479967465','@北风大大','由于某种原因，您发布的此张全景图片被禁封，暂时无法分享，如有疑问请联系管理员。【净化网络环境，人人有责，请不要发布不良图片及信息】',0,'17321914392','/p/panorama.html?id=14','https://vr360-beifengtz.oss-cn-beijing.aliyuncs.com/vrphoto/5f6b20aa8bc949859606653b7124cbb5-17321914392-single.jpg?x-oss-process=style/vr-thumbnail'),(69,'系统','1536479972305','@北风大大','由于某种原因，您发布的此张全景图片被禁封，暂时无法分享，如有疑问请联系管理员。【净化网络环境，人人有责，请不要发布不良图片及信息】',0,'17321914392','/p/panorama.html?id=16','https://vr360-beifengtz.oss-cn-beijing.aliyuncs.com/vrphoto/aa754d30930a4dac946a52d9207b0c30-17321914392-single.jpg?x-oss-process=style/vr-thumbnail'),(70,'系统','1536479975447','@北风大大','由于某种原因，您发布的此张全景图片被禁封，暂时无法分享，如有疑问请联系管理员。【净化网络环境，人人有责，请不要发布不良图片及信息】',0,'17321914392','/p/panorama.html?id=16','https://vr360-beifengtz.oss-cn-beijing.aliyuncs.com/vrphoto/aa754d30930a4dac946a52d9207b0c30-17321914392-single.jpg?x-oss-process=style/vr-thumbnail'),(71,'系统','1536479977490','@北风大大','由于某种原因，您发布的此张全景图片被禁封，暂时无法分享，如有疑问请联系管理员。【净化网络环境，人人有责，请不要发布不良图片及信息】',0,'17321914392','/p/panorama.html?id=16','https://vr360-beifengtz.oss-cn-beijing.aliyuncs.com/vrphoto/aa754d30930a4dac946a52d9207b0c30-17321914392-single.jpg?x-oss-process=style/vr-thumbnail'),(72,'系统','1536479981444','@北风大大','由于某种原因，您发布的此张全景图片被禁封，暂时无法分享，如有疑问请联系管理员。【净化网络环境，人人有责，请不要发布不良图片及信息】',0,'17321914392','/p/panorama.html?id=16','https://vr360-beifengtz.oss-cn-beijing.aliyuncs.com/vrphoto/aa754d30930a4dac946a52d9207b0c30-17321914392-single.jpg?x-oss-process=style/vr-thumbnail'),(73,'系统','1536479987627','@北风大大','由于某种原因，您发布的此张全景图片被禁封，暂时无法分享，如有疑问请联系管理员。【净化网络环境，人人有责，请不要发布不良图片及信息】',1,'17321914392','/p/panorama.html?id=14','https://vr360-beifengtz.oss-cn-beijing.aliyuncs.com/vrphoto/5f6b20aa8bc949859606653b7124cbb5-17321914392-single.jpg?x-oss-process=style/vr-thumbnail'),(74,'系统','1536479990446','@北风大大','由于某种原因，您发布的此张全景图片被禁封，暂时无法分享，如有疑问请联系管理员。【净化网络环境，人人有责，请不要发布不良图片及信息】',1,'17321914392','/p/panorama.html?id=15','https://vr360-beifengtz.oss-cn-beijing.aliyuncs.com/vrphoto/ddc41f8a07da4bc8bca3555ddf3e04a7-17321914392-single.jpg?x-oss-process=style/vr-thumbnail'),(75,'系统','1536480445319','@北风大大','恭喜！您上传的全景照片通过管理员审核，快去分享给大家看看吧。【净化网络环境，人人有责，请不要发布不良图片及信息】',0,'17321914392','/p/panorama.html?id=14','https://vr360-beifengtz.oss-cn-beijing.aliyuncs.com/vrphoto/5f6b20aa8bc949859606653b7124cbb5-17321914392-single.jpg?x-oss-process=style/vr-thumbnail'),(76,'系统','1536480453053','@北风大大','恭喜！您上传的全景照片通过管理员审核，快去分享给大家看看吧。【净化网络环境，人人有责，请不要发布不良图片及信息】',0,'17321914392','/p/panorama.html?id=15','https://vr360-beifengtz.oss-cn-beijing.aliyuncs.com/vrphoto/ddc41f8a07da4bc8bca3555ddf3e04a7-17321914392-single.jpg?x-oss-process=style/vr-thumbnail'),(77,'系统','1536480629785','@北风大大','恭喜！您上传的全景照片通过管理员审核，快去分享给大家看看吧。【净化网络环境，人人有责，请不要发布不良图片及信息】',0,'17321914392','/p/panorama.html?id=16','https://vr360-beifengtz.oss-cn-beijing.aliyuncs.com/vrphoto/aa754d30930a4dac946a52d9207b0c30-17321914392-single.jpg?x-oss-process=style/vr-thumbnail'),(78,'系统','1536481100235','@北风大大','由于某种原因，您发布的此张全景图片被禁封，暂时无法分享，如有疑问请联系管理员。【净化网络环境，人人有责，请不要发布不良图片及信息】',0,'17321914392','/p/panorama.html?id=14','https://vr360-beifengtz.oss-cn-beijing.aliyuncs.com/vrphoto/5f6b20aa8bc949859606653b7124cbb5-17321914392-single.jpg?x-oss-process=style/vr-thumbnail'),(79,'系统','1536481101477','@北风大大','由于某种原因，您发布的此张全景图片被禁封，暂时无法分享，如有疑问请联系管理员。【净化网络环境，人人有责，请不要发布不良图片及信息】',0,'17321914392','/p/panorama.html?id=15','https://vr360-beifengtz.oss-cn-beijing.aliyuncs.com/vrphoto/ddc41f8a07da4bc8bca3555ddf3e04a7-17321914392-single.jpg?x-oss-process=style/vr-thumbnail'),(80,'系统','1536481103833','@北风大大','由于某种原因，您发布的此张全景图片被禁封，暂时无法分享，如有疑问请联系管理员。【净化网络环境，人人有责，请不要发布不良图片及信息】',0,'17321914392','/p/panorama.html?id=16','https://vr360-beifengtz.oss-cn-beijing.aliyuncs.com/vrphoto/aa754d30930a4dac946a52d9207b0c30-17321914392-single.jpg?x-oss-process=style/vr-thumbnail'),(81,'系统','1536481105281','@北风大大','恭喜！您上传的全景照片通过管理员审核，快去分享给大家看看吧。【净化网络环境，人人有责，请不要发布不良图片及信息】',0,'17321914392','/p/panorama.html?id=16','https://vr360-beifengtz.oss-cn-beijing.aliyuncs.com/vrphoto/aa754d30930a4dac946a52d9207b0c30-17321914392-single.jpg?x-oss-process=style/vr-thumbnail'),(82,'系统','1536481106386','@北风大大','恭喜！您上传的全景照片通过管理员审核，快去分享给大家看看吧。【净化网络环境，人人有责，请不要发布不良图片及信息】',0,'17321914392','/p/panorama.html?id=15','https://vr360-beifengtz.oss-cn-beijing.aliyuncs.com/vrphoto/ddc41f8a07da4bc8bca3555ddf3e04a7-17321914392-single.jpg?x-oss-process=style/vr-thumbnail'),(83,'系统','1536481107316','@北风大大','恭喜！您上传的全景照片通过管理员审核，快去分享给大家看看吧。【净化网络环境，人人有责，请不要发布不良图片及信息】',0,'17321914392','/p/panorama.html?id=14','https://vr360-beifengtz.oss-cn-beijing.aliyuncs.com/vrphoto/5f6b20aa8bc949859606653b7124cbb5-17321914392-single.jpg?x-oss-process=style/vr-thumbnail'),(84,'系统','1536481667136','@北风大大','由于某种原因，您发布的此张全景图片被禁封，暂时无法分享，如有疑问请联系管理员。【净化网络环境，人人有责，请不要发布不良图片及信息】',0,'17321914392','/p/panorama.html?id=14','https://vr360-beifengtz.oss-cn-beijing.aliyuncs.com/vrphoto/5f6b20aa8bc949859606653b7124cbb5-17321914392-single.jpg?x-oss-process=style/vr-thumbnail'),(85,'系统','1536481672254','@北风大大','恭喜！您上传的全景照片通过管理员审核，快去分享给大家看看吧。【净化网络环境，人人有责，请不要发布不良图片及信息】',1,'17321914392','/p/panorama.html?id=14','https://vr360-beifengtz.oss-cn-beijing.aliyuncs.com/vrphoto/5f6b20aa8bc949859606653b7124cbb5-17321914392-single.jpg?x-oss-process=style/vr-thumbnail'),(86,'系统','1536482923257','@北风','恭喜！您的全景照片受到了广大网友的欢迎，系统已将您的全景推上推荐，快去分享你的全景吧！【净化网络环境，人人有责，请不要发布不良图片及信息】',0,'3718919977F76484EAF1E4C554CCB459','/p/panorama.html?id=46','https://vr360-beifengtz.oss-cn-beijing.aliyuncs.com/vrphoto/74616a61efd64e9387dccc2477b21638-3718919977F76484EAF1E4C554CCB459-single.jpg?x-oss-process=style/vr-thumbnail');

/*Table structure for table `user_question_db` */

DROP TABLE IF EXISTS `user_question_db`;

CREATE TABLE `user_question_db` (
  `user_question_id` int(11) NOT NULL AUTO_INCREMENT COMMENT '用户提问表主键id',
  `user_authentication_id` varchar(128) NOT NULL COMMENT '用户认证id',
  `user_question` varchar(64) NOT NULL COMMENT '用户提出的问题',
  `user_question_describe` longtext NOT NULL COMMENT '用户提问内容',
  `user_question_isread` int(4) DEFAULT '0' COMMENT '0未读，1已读',
  `user_question_isreply` int(4) DEFAULT '0' COMMENT '0未回复，2已回复',
  PRIMARY KEY (`user_question_id`),
  KEY `user_authentication_id` (`user_authentication_id`),
  CONSTRAINT `user_question_db_ibfk_1` FOREIGN KEY (`user_authentication_id`) REFERENCES `user_db` (`user_authentication_id`) ON DELETE CASCADE
) ENGINE=InnoDB AUTO_INCREMENT=4 DEFAULT CHARSET=utf8;

/*Data for the table `user_question_db` */

insert  into `user_question_db`(`user_question_id`,`user_authentication_id`,`user_question`,`user_question_describe`,`user_question_isread`,`user_question_isreply`) values (3,'3718919977F76484EAF1E4C554CCB459','第一个测试版本','啦啦啦啦啦啦啦凉凉',0,0);

/*Table structure for table `user_t` */

DROP TABLE IF EXISTS `user_t`;

CREATE TABLE `user_t` (
  `id` varchar(32) NOT NULL COMMENT '用户id，唯一识别标识',
  `campus` varchar(10) DEFAULT NULL COMMENT '校区',
  `username` varchar(16) NOT NULL COMMENT '用户名',
  `real_name` varchar(16) NOT NULL COMMENT '真实姓名',
  `password` varchar(64) NOT NULL COMMENT '密码',
  `role` varchar(16) DEFAULT NULL COMMENT '角色',
  `has_log` tinyint(1) DEFAULT '0' COMMENT '是否登录过',
  `login_ip` varchar(64) DEFAULT NULL COMMENT '登录ip',
  `sicau_id` varchar(16) DEFAULT NULL COMMENT '学号或工号',
  `login_browser_info` varchar(200) DEFAULT NULL COMMENT '首次登录设备信息',
  `log_cookie_id` varchar(64) DEFAULT NULL COMMENT 'cookie验证id',
  PRIMARY KEY (`id`)
) ENGINE=InnoDB DEFAULT CHARSET=utf8;

/*Data for the table `user_t` */

insert  into `user_t`(`id`,`campus`,`username`,`real_name`,`password`,`role`,`has_log`,`login_ip`,`sicau_id`,`login_browser_info`,`log_cookie_id`) values ('640c56eb94cc4904b129dc9de1a8ba6c','雅安','201603959','田智','201603959','student',0,'0:0:0:0:0:0:0:1','201603959',NULL,'e77aa4c0d9d4401fba40eae35df3824f'),('69199f84e9a24351bd562d5393d29382','雅安','201603962','三号','201603962','student',0,'0:0:0:0:0:0:0:1','201603962',NULL,'9e6bfc82007248dbb55172db7dbcee92'),('89b196b5d528405e916cd765511649ff','雅安','201603961','啦啦啦','201603961','teacher',1,'0:0:0:0:0:0:0:1','201603961',NULL,'9702cc653e564145a6c56fbc0ab4513d'),('a8e03fe5eb41467fb9101d6ea54f363d','雅安','201603960','北风','201603960','student',1,'0:0:0:0:0:0:0:1','201603960',NULL,'149dd1656542492ebd7fc47723d6d342');

/*Table structure for table `visit_log_db` */

DROP TABLE IF EXISTS `visit_log_db`;

CREATE TABLE `visit_log_db` (
  `visit_id` int(11) unsigned NOT NULL AUTO_INCREMENT COMMENT '日志id',
  `user_authentication_id` varchar(128) DEFAULT NULL COMMENT '访问人身份id，如果为游客则为null',
  `visit_time` datetime NOT NULL DEFAULT CURRENT_TIMESTAMP COMMENT '访问时间',
  `visit_page` varchar(64) NOT NULL COMMENT '访问页面',
  `visit_ip` varchar(32) NOT NULL COMMENT '访问ip地址',
  `visit_address` varchar(64) DEFAULT NULL COMMENT '访问地址',
  `visit_operator` varchar(16) DEFAULT NULL COMMENT '访问运营商',
  `visit_pro` varchar(16) DEFAULT NULL COMMENT '访问省份',
  `visit_city` varchar(16) DEFAULT NULL COMMENT '访问城市',
  `visit_pcode` int(16) DEFAULT NULL COMMENT '省份id',
  PRIMARY KEY (`visit_id`)
) ENGINE=InnoDB AUTO_INCREMENT=976 DEFAULT CHARSET=utf8;

/*Data for the table `visit_log_db` */

insert  into `visit_log_db`(`visit_id`,`user_authentication_id`,`visit_time`,`visit_page`,`visit_ip`,`visit_address`,`visit_operator`,`visit_pro`,`visit_city`,`visit_pcode`) values (1,NULL,'2018-08-19 15:46:05','/p/message-board.html','171.91.82.151','四川省巴中市','电信','四川省','巴中市',510000),(2,NULL,'2018-08-19 15:46:16','/m.html','171.91.82.151','四川省巴中市','电信','四川省','巴中市',510000),(3,NULL,'2018-08-19 15:46:19','/p/create360.html','171.91.82.151','四川省巴中市','电信','四川省','巴中市',510000),(4,NULL,'2018-08-19 15:46:34','/p/statistics.html','171.91.82.151','四川省巴中市','电信','四川省','巴中市',510000),(5,NULL,'2018-08-19 15:58:04','/','171.91.82.151','四川省巴中市','电信','四川省','巴中市',510000),(6,NULL,'2018-08-19 15:58:07','/p/statistics.html','171.91.82.151','四川省巴中市','电信','四川省','巴中市',510000),(7,NULL,'2018-08-19 16:04:59','/p/statistics.html','171.91.82.151','四川省巴中市','电信','四川省','巴中市',510000),(8,NULL,'2018-08-19 16:06:31','/p/statistics.html','171.91.82.151','四川省巴中市','电信','四川省','巴中市',510000),(9,NULL,'2018-08-19 16:07:28','/p/statistics.html','139.207.100.134','四川省成都市','电信','四川省','成都市',510000),(10,NULL,'2018-08-19 16:07:56','/p/statistics.html','139.207.100.134','四川省成都市','电信','四川省','成都市',510000),(11,NULL,'2018-08-19 16:08:59','/','171.91.82.151','四川省巴中市','电信','四川省','巴中市',510000),(12,NULL,'2018-08-19 16:09:01','/p/statistics.html','171.91.82.151','四川省巴中市','电信','四川省','巴中市',510000),(13,NULL,'2018-08-19 16:14:35','/p/statistics.html','139.207.100.134','四川省成都市','电信','四川省','成都市',510000),(14,NULL,'2018-08-19 16:15:28','/p/panorama.html','139.207.100.134','四川省成都市','电信','四川省','成都市',510000),(15,NULL,'2018-08-19 16:15:39','/p/panorama.html','139.207.100.134','四川省成都市','电信','四川省','成都市',510000),(16,NULL,'2018-08-19 16:16:01','/p/statistics.html','139.207.100.134','四川省成都市','电信','四川省','成都市',510000),(17,NULL,'2018-08-19 16:16:01','/p/statistics.html','139.207.100.134','四川省成都市','电信','四川省','成都市',510000),(18,NULL,'2018-08-19 16:16:43','/p/create360.html','171.91.82.151','四川省巴中市','电信','四川省','巴中市',510000),(19,NULL,'2018-08-19 16:16:43','/p/create360.html','139.207.100.134','四川省成都市','电信','四川省','成都市',510000),(20,NULL,'2018-08-19 16:16:49','/p/message-board.html','171.91.82.151','四川省巴中市','电信','四川省','巴中市',510000),(21,NULL,'2018-08-19 16:16:49','/p/message-board.html','139.207.100.134','四川省成都市','电信','四川省','成都市',510000),(22,NULL,'2018-08-19 16:17:25','/p/message-board.html','139.207.100.134','四川省成都市','电信','四川省','成都市',510000),(23,NULL,'2018-08-19 16:17:28','/p/message-board.html','139.207.100.134','四川省成都市','电信','四川省','成都市',510000),(24,NULL,'2018-08-19 16:17:28','/p/message-board.html','139.207.100.134','四川省成都市','电信','四川省','成都市',510000),(25,NULL,'2018-08-19 16:17:47','/p/message-board.html','139.207.100.134','四川省成都市','电信','四川省','成都市',510000),(26,NULL,'2018-08-19 16:17:47','/p/message-board.html','139.207.100.134','四川省成都市','电信','四川省','成都市',510000),(27,NULL,'2018-08-19 16:22:00','/p/message-board.html','139.207.100.134','四川省成都市','电信','四川省','成都市',510000),(28,NULL,'2018-08-19 16:22:09','/m.html','171.91.82.151','四川省巴中市','电信','四川省','巴中市',510000),(29,NULL,'2018-08-19 16:22:16','/m.html','139.207.100.134','四川省成都市','电信','四川省','成都市',510000),(30,NULL,'2018-08-19 16:22:18','/p/create360.html','139.207.100.134','四川省成都市','电信','四川省','成都市',510000),(31,NULL,'2018-08-19 16:22:22','/p/statistics.html','139.207.100.134','四川省成都市','电信','四川省','成都市',510000),(32,NULL,'2018-08-19 16:28:53','/','171.91.82.151','四川省巴中市','电信','四川省','巴中市',510000),(33,NULL,'2018-08-19 16:28:58','/p/statistics.html','171.91.82.151','四川省巴中市','电信','四川省','巴中市',510000),(34,NULL,'2018-08-19 16:33:20','/p/statistics.html','171.91.82.151','四川省巴中市','电信','四川省','巴中市',510000),(35,NULL,'2018-08-19 16:35:17','/p/statistics.html','139.207.100.134','四川省成都市','电信','四川省','成都市',510000),(36,NULL,'2018-08-19 16:35:48','/','171.91.82.151','四川省巴中市','电信','四川省','巴中市',510000),(37,NULL,'2018-08-19 16:35:52','/p/message-board.html','171.91.82.151','四川省巴中市','电信','四川省','巴中市',510000),(38,NULL,'2018-08-19 16:35:58','/p/about.html','171.91.82.151','四川省巴中市','电信','四川省','巴中市',510000),(39,NULL,'2018-08-19 16:36:06','/p/statistics.html','171.91.82.151','四川省巴中市','电信','四川省','巴中市',510000),(40,NULL,'2018-08-19 16:36:19','/p/create360.html','171.91.82.151','四川省巴中市','电信','四川省','巴中市',510000),(41,NULL,'2018-08-19 16:36:20','/p/statistics.html','171.91.82.151','四川省巴中市','电信','四川省','巴中市',510000),(42,NULL,'2018-08-19 16:36:44','/p/learning.html','171.91.82.151','四川省巴中市','电信','四川省','巴中市',510000),(43,NULL,'2018-08-19 16:36:48','/p/about.html','171.91.82.151','四川省巴中市','电信','四川省','巴中市',510000),(44,NULL,'2018-08-19 16:36:50','/p/personpage.html','171.91.82.151','四川省巴中市','电信','四川省','巴中市',510000),(45,NULL,'2018-08-19 16:36:58','/p/statistics.html','171.91.82.151','四川省巴中市','电信','四川省','巴中市',510000),(46,NULL,'2018-08-19 16:39:06','/p/statistics.html','139.207.100.134','四川省成都市','电信','四川省','成都市',510000),(47,NULL,'2018-08-19 16:39:07','/p/statistics.html','139.207.100.134','四川省成都市','电信','四川省','成都市',510000),(48,NULL,'2018-08-19 16:41:54','/p/statistics.html','139.207.100.134','四川省成都市','电信','四川省','成都市',510000),(49,NULL,'2018-08-19 16:41:55','/p/statistics.html','139.207.100.134','四川省成都市','电信','四川省','成都市',510000),(50,NULL,'2018-08-19 16:42:12','/p/create360.html','139.207.100.134','四川省成都市','电信','四川省','成都市',510000),(51,NULL,'2018-08-19 16:42:13','/p/create360.html','139.207.100.134','四川省成都市','电信','四川省','成都市',510000),(52,NULL,'2018-08-19 16:42:19','/p/about.html','139.207.100.134','四川省成都市','电信','四川省','成都市',510000),(53,NULL,'2018-08-19 16:43:11','/p/statistics.html','58.246.221.74','上海市','联通','上海市','上海市',310000),(54,NULL,'2018-08-19 16:44:46','/p/statistics.html','139.207.100.134','四川省成都市','电信','四川省','成都市',510000),(55,NULL,'2018-08-19 16:45:35','/p/statistics.html','139.207.100.134','四川省成都市','电信','四川省','成都市',510000),(56,NULL,'2018-08-19 16:46:28','/p/statistics.html','223.104.216.110','四川省成都市','移通','四川省','成都市',510000),(57,NULL,'2018-08-19 16:46:47','/p/statistics.html','106.34.152.230','河南省郑州市','电信','河南省','郑州市',410000),(58,NULL,'2018-08-19 16:46:51','/p/statistics.html','139.207.100.134','四川省成都市','电信','四川省','成都市',510000),(59,NULL,'2018-08-19 16:47:39','/p/panorama.html','139.207.100.134','四川省成都市','电信','四川省','成都市',510000),(60,NULL,'2018-08-19 16:48:22','/p/community.html','139.207.100.134','四川省成都市','电信','四川省','成都市',510000),(61,NULL,'2018-08-19 16:48:30','/p/panorama.html','139.207.100.134','四川省成都市','电信','四川省','成都市',510000),(62,NULL,'2018-08-19 16:48:33','/p/statistics.html','139.207.100.134','四川省成都市','电信','四川省','成都市',510000),(63,NULL,'2018-08-19 16:48:48','/p/statistics.html','139.207.100.134','四川省成都市','电信','四川省','成都市',510000),(64,NULL,'2018-08-19 16:48:50','/p/statistics.html','113.246.12.133','湖南省长沙市','电信','湖南省','长沙市',430000),(65,NULL,'2018-08-19 16:50:58','/p/statistics.html','106.34.152.230','河南省郑州市','电信','河南省','郑州市',410000),(66,NULL,'2018-08-19 16:51:35','/p/panorama.html','106.34.152.230','河南省郑州市','电信','河南省','郑州市',410000),(67,NULL,'2018-08-19 16:51:57','/p/statistics.html','171.91.82.151','四川省巴中市','电信','四川省','巴中市',510000),(68,NULL,'2018-08-19 16:54:49','/p/statistics.html','223.104.216.110','四川省成都市','移通','四川省','成都市',510000),(69,NULL,'2018-08-19 16:55:58','/p/statistics.html','223.104.216.110','四川省成都市','移通','四川省','成都市',510000),(70,NULL,'2018-08-19 16:56:44','/p/about.html','223.104.216.110','四川省成都市','移通','四川省','成都市',510000),(71,NULL,'2018-08-19 16:57:22','/p/statistics.html','113.96.218.51','广东省深圳市','电信','广东省','深圳市',440000),(72,NULL,'2018-08-19 16:59:06','/p/message-board.html','139.207.100.134','四川省成都市','电信','四川省','成都市',510000),(73,NULL,'2018-08-19 16:59:13','/m.html','171.91.82.151','四川省巴中市','电信','四川省','巴中市',510000),(74,NULL,'2018-08-19 16:59:19','/m.html','139.207.100.134','四川省成都市','电信','四川省','成都市',510000),(75,NULL,'2018-08-19 16:59:22','/p/create360.html','139.207.100.134','四川省成都市','电信','四川省','成都市',510000),(76,NULL,'2018-08-19 16:59:25','/p/statistics.html','139.207.100.134','四川省成都市','电信','四川省','成都市',510000),(77,NULL,'2018-08-19 17:02:53','/','171.91.82.151','四川省巴中市','电信','四川省','巴中市',510000),(78,NULL,'2018-08-19 17:05:49','/p/statistics.html','139.207.100.134','四川省成都市','电信','四川省','成都市',510000),(79,NULL,'2018-08-19 17:06:07','/p/create360.html','139.207.100.134','四川省成都市','电信','四川省','成都市',510000),(80,NULL,'2018-08-19 17:09:12','/p/personpage.html','139.207.100.134','四川省成都市','电信','四川省','成都市',510000),(81,NULL,'2018-08-19 17:19:25','/p/statistics.html','139.207.100.134','四川省成都市','电信','四川省','成都市',510000),(82,NULL,'2018-08-19 17:31:22','/p/statistics.html','171.91.82.151','四川省巴中市','电信','四川省','巴中市',510000),(83,NULL,'2018-08-19 17:44:54','/p/community.html','171.91.82.151','四川省巴中市','电信','四川省','巴中市',510000),(84,NULL,'2018-08-19 17:44:58','/p/panorama.html','171.91.82.151','四川省巴中市','电信','四川省','巴中市',510000),(85,NULL,'2018-08-19 17:51:13','/p/panorama.html','171.91.82.151','四川省巴中市','电信','四川省','巴中市',510000),(86,NULL,'2018-08-19 17:53:24','/p/panorama.html','123.125.143.158','北京市','联通ADSL','北京市','北京市',110000),(87,NULL,'2018-08-19 18:04:13','/p/personpage.html','171.91.82.151','四川省巴中市','电信','四川省','巴中市',510000),(88,NULL,'2018-08-19 18:04:55','/p/panorama.html','171.91.82.151','四川省巴中市','电信','四川省','巴中市',510000),(89,NULL,'2018-08-19 18:12:59','/p/community.html','14.215.176.135','广东省广州市','电信','广东省','广州市',440000),(90,NULL,'2018-08-19 18:16:20','/p/panorama.html','101.199.108.119','北京市','万网','北京市','北京市',110000),(91,NULL,'2018-08-19 18:23:47','/p/community.html','171.91.82.151','四川省巴中市','电信','四川省','巴中市',510000),(92,NULL,'2018-08-19 18:50:36','/p/statistics.html','139.207.100.134','四川省成都市','电信','四川省','成都市',510000),(93,NULL,'2018-08-19 19:06:59','/p/statistics.html','171.121.70.175','山西省吕梁市','联通','山西省','吕梁市',140000),(94,NULL,'2018-08-19 20:01:27','/p/statistics.html','139.207.100.134','四川省成都市','电信','四川省','成都市',510000),(95,NULL,'2018-08-19 20:01:28','/p/statistics.html','139.207.100.134','四川省成都市','电信','四川省','成都市',510000),(96,NULL,'2018-08-19 20:04:21','/p/statistics.html','113.96.218.51','广东省深圳市','电信','广东省','深圳市',440000),(97,NULL,'2018-08-19 20:26:12','/p/personpage.html','139.207.100.134','四川省成都市','电信','四川省','成都市',510000),(98,NULL,'2018-08-19 20:40:50','/','171.91.82.151','四川省巴中市','电信','四川省','巴中市',510000),(99,NULL,'2018-08-19 20:40:55','/p/statistics.html','171.91.82.151','四川省巴中市','电信','四川省','巴中市',510000),(100,NULL,'2018-08-19 20:42:42','/p/community.html','171.91.82.151','四川省巴中市','电信','四川省','巴中市',510000),(101,NULL,'2018-08-19 20:42:55','/p/panorama.html','171.91.82.151','四川省巴中市','电信','四川省','巴中市',510000),(102,NULL,'2018-08-19 20:43:05','/p/panorama.html','171.91.82.151','四川省巴中市','电信','四川省','巴中市',510000),(103,NULL,'2018-08-19 20:43:10','/p/community.html','171.91.82.151','四川省巴中市','电信','四川省','巴中市',510000),(104,NULL,'2018-08-19 20:43:17','/p/panorama.html','171.91.82.151','四川省巴中市','电信','四川省','巴中市',510000),(105,NULL,'2018-08-19 20:43:25','/p/community.html','171.91.82.151','四川省巴中市','电信','四川省','巴中市',510000),(106,NULL,'2018-08-19 20:43:35','/p/panorama.html','171.91.82.151','四川省巴中市','电信','四川省','巴中市',510000),(107,NULL,'2018-08-19 20:43:48','/p/panorama.html','171.91.82.151','四川省巴中市','电信','四川省','巴中市',510000),(108,NULL,'2018-08-19 20:46:01','/p/statistics.html','139.207.100.134','四川省成都市','电信','四川省','成都市',510000),(109,NULL,'2018-08-19 20:47:21','/p/about.html','139.207.100.134','四川省成都市','电信','四川省','成都市',510000),(110,NULL,'2018-08-19 20:53:27','/p/statistics.html','139.207.100.134','四川省成都市','电信','四川省','成都市',510000),(111,NULL,'2018-08-19 20:55:21','/p/personpage.html','139.207.100.134','四川省成都市','电信','四川省','成都市',510000),(112,NULL,'2018-08-19 20:55:38','/p/personpage.html','139.207.100.134','四川省成都市','电信','四川省','成都市',510000),(113,NULL,'2018-08-19 20:55:51','/p/panorama.html','139.207.100.134','四川省成都市','电信','四川省','成都市',510000),(114,NULL,'2018-08-19 20:56:06','/p/panorama.html','139.207.100.134','四川省成都市','电信','四川省','成都市',510000),(115,NULL,'2018-08-19 20:56:17','/p/statistics.html','139.207.100.134','四川省成都市','电信','四川省','成都市',510000),(116,NULL,'2018-08-19 20:56:40','/p/statistics.html','139.207.100.134','四川省成都市','电信','四川省','成都市',510000),(117,NULL,'2018-08-19 20:57:02','/p/learning.html','139.207.100.134','四川省成都市','电信','四川省','成都市',510000),(118,NULL,'2018-08-19 20:57:26','/p/about.html','139.207.100.134','四川省成都市','电信','四川省','成都市',510000),(119,NULL,'2018-08-19 20:57:42','/p/community.html','139.207.100.134','四川省成都市','电信','四川省','成都市',510000),(120,NULL,'2018-08-19 20:58:11','/p/panorama.html','139.207.100.134','四川省成都市','电信','四川省','成都市',510000),(121,NULL,'2018-08-19 20:58:23','/p/panorama.html','139.207.100.134','四川省成都市','电信','四川省','成都市',510000),(122,NULL,'2018-08-19 20:58:28','/p/panorama.html','139.207.100.134','四川省成都市','电信','四川省','成都市',510000),(123,NULL,'2018-08-19 20:58:53','/p/panorama.html','139.207.100.134','四川省成都市','电信','四川省','成都市',510000),(124,NULL,'2018-08-19 20:59:03','/p/panorama.html','139.207.100.134','四川省成都市','电信','四川省','成都市',510000),(125,NULL,'2018-08-19 20:59:11','/p/panorama.html','139.207.100.134','四川省成都市','电信','四川省','成都市',510000),(126,NULL,'2018-08-19 20:59:11','/p/panorama.html','139.207.100.134','四川省成都市','电信','四川省','成都市',510000),(127,NULL,'2018-08-19 20:59:29','/','171.91.82.151','四川省巴中市','电信','四川省','巴中市',510000),(128,NULL,'2018-08-19 20:59:36','/p/community.html','171.91.82.151','四川省巴中市','电信','四川省','巴中市',510000),(129,NULL,'2018-08-19 20:59:48','/p/panorama.html','171.91.82.151','四川省巴中市','电信','四川省','巴中市',510000),(130,NULL,'2018-08-19 21:01:47','/p/community.html','139.207.100.134','四川省成都市','电信','四川省','成都市',510000),(131,NULL,'2018-08-19 22:14:34','/p/statistics.html','139.207.100.134','四川省成都市','电信','四川省','成都市',510000),(132,NULL,'2018-08-19 22:15:33','/p/statistics.html','113.96.219.248','广东省深圳市','电信','广东省','深圳市',440000),(133,NULL,'2018-08-19 22:29:27','/m.html','171.91.82.151','四川省巴中市','电信','四川省','巴中市',510000),(134,NULL,'2018-08-19 22:29:51','/m.html','171.91.82.151','四川省巴中市','电信','四川省','巴中市',510000),(135,NULL,'2018-08-19 22:29:57','/p/create360.html','171.91.82.151','四川省巴中市','电信','四川省','巴中市',510000),(136,NULL,'2018-08-19 22:30:03','/p/community.html','171.91.82.151','四川省巴中市','电信','四川省','巴中市',510000),(137,NULL,'2018-08-19 22:30:14','/p/panorama.html','171.91.82.151','四川省巴中市','电信','四川省','巴中市',510000),(138,NULL,'2018-08-19 22:30:27','/p/panorama.html','171.91.82.151','四川省巴中市','电信','四川省','巴中市',510000),(139,NULL,'2018-08-19 22:30:31','/p/panorama.html','171.91.82.151','四川省巴中市','电信','四川省','巴中市',510000),(140,NULL,'2018-08-19 22:30:34','/p/panorama.html','171.91.82.151','四川省巴中市','电信','四川省','巴中市',510000),(141,NULL,'2018-08-19 22:30:40','/p/panorama.html','171.91.82.151','四川省巴中市','电信','四川省','巴中市',510000),(142,NULL,'2018-08-19 22:30:48','/p/message-board.html','171.91.82.151','四川省巴中市','电信','四川省','巴中市',510000),(143,NULL,'2018-08-19 22:31:36','/p/message-board.html','171.91.82.151','四川省巴中市','电信','四川省','巴中市',510000),(144,NULL,'2018-08-19 22:31:49','/p/create360.html','171.91.82.151','四川省巴中市','电信','四川省','巴中市',510000),(145,NULL,'2018-08-19 22:31:51','/p/learning.html','171.91.82.151','四川省巴中市','电信','四川省','巴中市',510000),(146,NULL,'2018-08-19 22:31:54','/p/community.html','171.91.82.151','四川省巴中市','电信','四川省','巴中市',510000),(147,NULL,'2018-08-19 22:31:56','/p/panorama.html','171.91.82.151','四川省巴中市','电信','四川省','巴中市',510000),(148,NULL,'2018-08-19 22:32:45','/p/statistics.html','139.207.100.134','四川省成都市','电信','四川省','成都市',510000),(149,NULL,'2018-08-19 22:32:51','/p/statistics.html','171.91.82.151','四川省巴中市','电信','四川省','巴中市',510000),(150,NULL,'2018-08-19 22:36:55','/p/panorama.html','171.91.82.151','四川省巴中市','电信','四川省','巴中市',510000),(151,NULL,'2018-08-19 22:37:29','/p/statistics.html','171.91.82.151','四川省巴中市','电信','四川省','巴中市',510000),(152,NULL,'2018-08-19 22:38:31','/p/panorama.html','171.91.82.151','四川省巴中市','电信','四川省','巴中市',510000),(153,NULL,'2018-08-19 22:39:05','/p/message-board.html','171.91.82.151','四川省巴中市','电信','四川省','巴中市',510000),(154,NULL,'2018-08-19 22:39:35','/p/message-board.html','171.91.82.151','四川省巴中市','电信','四川省','巴中市',510000),(155,NULL,'2018-08-19 22:39:40','/p/create360.html','171.91.82.151','四川省巴中市','电信','四川省','巴中市',510000),(156,NULL,'2018-08-19 22:39:58','/p/create360bysix.html','171.91.82.151','四川省巴中市','电信','四川省','巴中市',510000),(157,NULL,'2018-08-19 22:40:24','/p/learning.html','171.91.82.151','四川省巴中市','电信','四川省','巴中市',510000),(158,NULL,'2018-08-19 22:40:27','/p/personpage.html','139.207.100.134','四川省成都市','电信','四川省','成都市',510000),(159,NULL,'2018-08-19 22:40:28','/p/personpage.html','171.91.82.151','四川省巴中市','电信','四川省','巴中市',510000),(160,NULL,'2018-08-19 22:40:33','/p/create360.html','171.91.82.151','四川省巴中市','电信','四川省','巴中市',510000),(161,NULL,'2018-08-19 22:42:27','/p/panorama.html','14.215.176.146','广东省广州市','电信','广东省','广州市',440000),(162,NULL,'2018-08-19 22:42:32','/m.html','171.91.82.151','四川省巴中市','电信','四川省','巴中市',510000),(163,NULL,'2018-08-20 04:24:40','/p/message-board.html','14.215.176.147','广东省广州市','电信','广东省','广州市',440000),(164,NULL,'2018-08-20 06:42:11','/p/statistics.html','171.91.82.151','四川省巴中市','电信','四川省','巴中市',510000),(165,NULL,'2018-08-20 07:01:41','/m.html','171.91.82.151','四川省巴中市','电信','四川省','巴中市',510000),(166,NULL,'2018-08-20 07:01:56','/p/create360.html','171.91.82.151','四川省巴中市','电信','四川省','巴中市',510000),(167,NULL,'2018-08-20 07:02:10','/p/statistics.html','171.91.82.151','四川省巴中市','电信','四川省','巴中市',510000),(168,NULL,'2018-08-20 07:20:01','/','171.91.82.151','四川省巴中市','电信','四川省','巴中市',510000),(169,NULL,'2018-08-20 07:20:15','/p/statistics.html','171.91.82.151','四川省巴中市','电信','四川省','巴中市',510000),(170,NULL,'2018-08-20 07:38:58','/p/personpage.html','171.91.82.151','四川省巴中市','电信','四川省','巴中市',510000),(171,NULL,'2018-08-20 07:39:07','/p/personpage.html','171.91.82.151','四川省巴中市','电信','四川省','巴中市',510000),(172,NULL,'2018-08-20 07:42:28','/p/personpage.html','101.199.112.51','北京市','万网','北京市','北京市',110000),(173,NULL,'2018-08-20 07:44:37','/p/personpage.html','171.91.82.151','四川省巴中市','电信','四川省','巴中市',510000),(174,NULL,'2018-08-20 07:47:25','/p/personpage.html','171.91.82.151','四川省巴中市','电信','四川省','巴中市',510000),(175,NULL,'2018-08-20 08:14:38','/p/statistics.html','171.91.82.151','四川省巴中市','电信','四川省','巴中市',510000),(176,NULL,'2018-08-20 08:15:21','/p/statistics.html','171.91.82.151','四川省巴中市','电信','四川省','巴中市',510000),(177,NULL,'2018-08-20 08:15:27','/p/panorama.html','171.91.82.151','四川省巴中市','电信','四川省','巴中市',510000),(178,NULL,'2018-08-20 08:16:10','/p/statistics.html','171.91.82.151','四川省巴中市','电信','四川省','巴中市',510000),(179,NULL,'2018-08-20 08:22:10','/p/statistics.html','171.91.82.151','四川省巴中市','电信','四川省','巴中市',510000),(180,NULL,'2018-08-20 08:22:43','/p/panorama.html','171.91.82.151','四川省巴中市','电信','四川省','巴中市',510000),(181,NULL,'2018-08-20 08:22:51','/p/message-board.html','171.91.82.151','四川省巴中市','电信','四川省','巴中市',510000),(182,NULL,'2018-08-20 08:23:02','/p/community.html','171.91.82.151','四川省巴中市','电信','四川省','巴中市',510000),(183,NULL,'2018-08-20 08:23:13','/p/about.html','171.91.82.151','四川省巴中市','电信','四川省','巴中市',510000),(184,NULL,'2018-08-20 08:25:50','/p/statistics.html','171.91.82.151','四川省巴中市','电信','四川省','巴中市',510000),(185,NULL,'2018-08-20 08:25:53','/p/statistics.html','171.210.185.201','四川省成都市','电信','四川省','成都市',510000),(186,NULL,'2018-08-20 08:26:47','/p/panorama.html','171.210.185.201','四川省成都市','电信','四川省','成都市',510000),(187,NULL,'2018-08-20 08:27:31','/p/message-board.html','171.210.185.201','四川省成都市','电信','四川省','成都市',510000),(188,NULL,'2018-08-20 08:27:51','/p/message-board.html','171.210.185.201','四川省成都市','电信','四川省','成都市',510000),(189,NULL,'2018-08-20 08:28:26','/p/community.html','171.210.185.201','四川省成都市','电信','四川省','成都市',510000),(190,NULL,'2018-08-20 08:29:41','/p/statistics.html','220.181.132.199','北京市','电信','北京市','北京市',110000),(191,NULL,'2018-08-20 08:48:21','/p/statistics.html','171.210.185.201','四川省成都市','电信','四川省','成都市',510000),(192,NULL,'2018-08-20 08:59:31','/p/statistics.html','171.210.185.201','四川省成都市','电信','四川省','成都市',510000),(193,NULL,'2018-08-20 08:59:58','/p/statistics.html','171.210.185.201','四川省成都市','电信','四川省','成都市',510000),(194,NULL,'2018-08-20 09:04:21','/p/statistics.html','117.176.48.92','四川省巴中市','移通','四川省','巴中市',510000),(195,NULL,'2018-08-20 09:29:37','/p/statistics.html','171.210.185.201','四川省成都市','电信','四川省','成都市',510000),(196,NULL,'2018-08-20 09:29:46','/p/statistics.html','171.210.185.201','四川省成都市','电信','四川省','成都市',510000),(197,NULL,'2018-08-20 09:31:32','/p/message-board.html','171.210.185.201','四川省成都市','电信','四川省','成都市',510000),(198,NULL,'2018-08-20 09:31:47','/p/create360.html','171.210.185.201','四川省成都市','电信','四川省','成都市',510000),(199,NULL,'2018-08-20 09:31:51','/p/community.html','171.210.185.201','四川省成都市','电信','四川省','成都市',510000),(200,NULL,'2018-08-20 09:31:58','/p/create360.html','171.210.185.201','四川省成都市','电信','四川省','成都市',510000),(201,NULL,'2018-08-20 09:32:16','/m.html','121.32.127.134','广东省广州市番禺区','电信','广东省','广州市',440000),(202,NULL,'2018-08-20 09:32:17','/p/panorama.html','171.210.185.201','四川省成都市','电信','四川省','成都市',510000),(203,NULL,'2018-08-20 09:32:28','/m.html','121.32.127.134','广东省广州市番禺区','电信','广东省','广州市',440000),(204,NULL,'2018-08-20 09:32:58','/p/community.html','171.210.185.201','四川省成都市','电信','四川省','成都市',510000),(205,NULL,'2018-08-20 09:33:01','/index.html','121.32.127.134','广东省广州市番禺区','电信','广东省','广州市',440000),(206,NULL,'2018-08-20 09:33:01','/p/panorama.html','171.210.185.201','四川省成都市','电信','四川省','成都市',510000),(207,NULL,'2018-08-20 09:33:08','/p/statistics.html','171.210.185.201','四川省成都市','电信','四川省','成都市',510000),(208,NULL,'2018-08-20 09:33:22','/p/panorama.html','171.210.185.201','四川省成都市','电信','四川省','成都市',510000),(209,NULL,'2018-08-20 09:33:45','/p/panorama.html','171.210.185.201','四川省成都市','电信','四川省','成都市',510000),(210,NULL,'2018-08-20 09:34:33','/p/about.html','171.210.185.201','四川省成都市','电信','四川省','成都市',510000),(211,NULL,'2018-08-20 09:55:41','/m.html','101.199.110.110','北京市','万网','北京市','北京市',110000),(212,NULL,'2018-08-20 09:56:40','/m.html','101.199.112.53','北京市','万网','北京市','北京市',110000),(213,NULL,'2018-08-20 10:36:56','/p/about.html','171.210.185.201','四川省成都市','电信','四川省','成都市',510000),(214,NULL,'2018-08-20 10:37:00','/p/statistics.html','171.210.185.201','四川省成都市','电信','四川省','成都市',510000),(215,NULL,'2018-08-20 10:38:40','/p/message-board.html','171.210.185.201','四川省成都市','电信','四川省','成都市',510000),(216,NULL,'2018-08-20 10:38:56','/p/about.html','171.210.185.201','四川省成都市','电信','四川省','成都市',510000),(217,NULL,'2018-08-20 10:40:00','/p/community.html','171.210.185.201','四川省成都市','电信','四川省','成都市',510000),(218,NULL,'2018-08-20 10:44:55','/p/statistics.html','58.246.221.73','上海市','联通','上海市','上海市',310000),(219,NULL,'2018-08-20 11:20:54','/','111.206.36.132','北京市','联通','北京市','北京市',110000),(220,NULL,'2018-08-20 11:40:32','/p/statistics.html','171.91.82.151','四川省巴中市','电信','四川省','巴中市',510000),(221,NULL,'2018-08-20 11:40:53','/p/statistics.html','171.91.82.151','四川省巴中市','电信','四川省','巴中市',510000),(222,NULL,'2018-08-20 13:10:59','/p/statistics.html','171.91.82.151','四川省巴中市','电信','四川省','巴中市',510000),(223,NULL,'2018-08-20 15:15:05','/','171.91.82.151','四川省巴中市','电信','四川省','巴中市',510000),(224,NULL,'2018-08-20 15:15:08','/p/statistics.html','171.91.82.151','四川省巴中市','电信','四川省','巴中市',510000),(225,NULL,'2018-08-20 15:15:34','/p/statistics.html','182.132.132.197','四川省雅安市','电信','四川省','雅安市',510000),(226,NULL,'2018-08-20 15:38:03','/p/statistics.html','171.91.82.151','四川省巴中市','电信','四川省','巴中市',510000),(227,NULL,'2018-08-20 18:33:18','/p/statistics.html','171.210.185.201','四川省成都市','电信','四川省','成都市',510000),(228,NULL,'2018-08-20 18:34:40','/p/message-board.html','171.210.185.201','四川省成都市','电信','四川省','成都市',510000),(229,NULL,'2018-08-20 18:34:52','/p/learning.html','171.210.185.201','四川省成都市','电信','四川省','成都市',510000),(230,NULL,'2018-08-20 19:41:42','/','171.91.82.151','四川省巴中市','电信','四川省','巴中市',510000),(231,NULL,'2018-08-20 19:59:22','/','171.91.82.151','四川省巴中市','电信','四川省','巴中市',510000),(232,NULL,'2018-08-20 19:59:25','/p/create360.html','171.91.82.151','四川省巴中市','电信','四川省','巴中市',510000),(233,NULL,'2018-08-20 19:59:34','/p/personpage.html','171.91.82.151','四川省巴中市','电信','四川省','巴中市',510000),(234,NULL,'2018-08-20 19:59:36','/p/personpage.html','171.91.82.151','四川省巴中市','电信','四川省','巴中市',510000),(235,NULL,'2018-08-20 19:59:41','/p/create360.html','171.91.82.151','四川省巴中市','电信','四川省','巴中市',510000),(236,NULL,'2018-08-20 20:00:42','/','171.91.82.151','四川省巴中市','电信','四川省','巴中市',510000),(237,NULL,'2018-08-20 20:12:22','/p/panorama.html','171.91.82.151','四川省巴中市','电信','四川省','巴中市',510000),(238,NULL,'2018-08-20 20:13:18','/p/panorama.html','171.91.82.151','四川省巴中市','电信','四川省','巴中市',510000),(239,NULL,'2018-08-20 20:13:49','/p/panorama.html','171.91.82.151','四川省巴中市','电信','四川省','巴中市',510000),(240,NULL,'2018-08-20 20:14:15','/p/community.html','171.91.82.151','四川省巴中市','电信','四川省','巴中市',510000),(241,NULL,'2018-08-20 20:14:36','/p/statistics.html','171.91.82.151','四川省巴中市','电信','四川省','巴中市',510000),(242,NULL,'2018-08-20 20:19:44','/p/create360.html','171.91.82.151','四川省巴中市','电信','四川省','巴中市',510000),(243,NULL,'2018-08-20 20:20:05','/p/panorama.html','171.91.82.151','四川省巴中市','电信','四川省','巴中市',510000),(244,NULL,'2018-08-20 20:21:02','/p/panorama.html','171.91.82.151','四川省巴中市','电信','四川省','巴中市',510000),(245,NULL,'2018-08-20 20:21:10','/p/panorama.html','171.91.82.151','四川省巴中市','电信','四川省','巴中市',510000),(246,NULL,'2018-08-20 20:21:23','/p/learning.html','171.91.82.151','四川省巴中市','电信','四川省','巴中市',510000),(247,NULL,'2018-08-20 20:21:25','/p/create360.html','171.91.82.151','四川省巴中市','电信','四川省','巴中市',510000),(248,NULL,'2018-08-20 20:21:47','/p/panorama.html','171.91.82.151','四川省巴中市','电信','四川省','巴中市',510000),(249,NULL,'2018-08-20 20:22:00','/p/about.html','171.91.82.151','四川省巴中市','电信','四川省','巴中市',510000),(250,NULL,'2018-08-20 20:22:01','/p/personpage.html','171.91.82.151','四川省巴中市','电信','四川省','巴中市',510000),(251,NULL,'2018-08-20 20:25:18','/p/personpage.html','171.91.82.151','四川省巴中市','电信','四川省','巴中市',510000),(252,NULL,'2018-08-20 20:25:23','/p/panorama.html','171.91.82.151','四川省巴中市','电信','四川省','巴中市',510000),(253,NULL,'2018-08-20 20:25:25','/m.html','171.210.185.201','四川省成都市','电信','四川省','成都市',510000),(254,NULL,'2018-08-20 20:25:28','/p/create360.html','171.210.185.201','四川省成都市','电信','四川省','成都市',510000),(255,NULL,'2018-08-20 20:25:40','/p/learning.html','171.210.185.201','四川省成都市','电信','四川省','成都市',510000),(256,NULL,'2018-08-20 20:25:51','/p/community.html','171.210.185.201','四川省成都市','电信','四川省','成都市',510000),(257,NULL,'2018-08-20 20:26:13','/p/panorama.html','171.210.185.201','四川省成都市','电信','四川省','成都市',510000),(258,NULL,'2018-08-20 20:26:57','/p/create360.html','220.181.132.197','北京市','电信','北京市','北京市',110000),(259,NULL,'2018-08-20 20:26:57','/p/community.html','171.91.82.151','四川省巴中市','电信','四川省','巴中市',510000),(260,NULL,'2018-08-20 20:27:01','/p/panorama.html','171.91.82.151','四川省巴中市','电信','四川省','巴中市',510000),(261,NULL,'2018-08-20 20:27:36','/p/panorama.html','171.210.185.201','四川省成都市','电信','四川省','成都市',510000),(262,NULL,'2018-08-20 20:28:10','/p/panorama.html','171.91.82.151','四川省巴中市','电信','四川省','巴中市',510000),(263,NULL,'2018-08-20 20:28:32','/p/panorama.html','171.91.82.151','四川省巴中市','电信','四川省','巴中市',510000),(264,NULL,'2018-08-20 20:28:56','/p/panorama.html','171.91.82.151','四川省巴中市','电信','四川省','巴中市',510000),(265,NULL,'2018-08-20 20:29:21','/p/panorama.html','171.91.82.151','四川省巴中市','电信','四川省','巴中市',510000),(266,NULL,'2018-08-20 20:29:40','/p/panorama.html','171.91.82.151','四川省巴中市','电信','四川省','巴中市',510000),(267,NULL,'2018-08-20 20:33:46','/p/panorama.html','171.210.185.201','四川省成都市','电信','四川省','成都市',510000),(268,NULL,'2018-08-20 20:33:59','/p/panorama.html','115.239.212.196','浙江省杭州市','电信','浙江省','杭州市',330000),(269,NULL,'2018-08-20 20:34:49','/p/panorama.html','101.199.110.109','北京市','万网','北京市','北京市',110000),(270,NULL,'2018-08-20 20:36:10','/p/panorama.html','171.210.185.201','四川省成都市','电信','四川省','成都市',510000),(271,NULL,'2018-08-20 20:38:33','/p/panorama.html','171.91.82.151','四川省巴中市','电信','四川省','巴中市',510000),(272,NULL,'2018-08-20 21:01:25','/p/about.html','171.91.82.151','四川省巴中市','电信','四川省','巴中市',510000),(273,NULL,'2018-08-20 22:07:35','/p/community.html','171.91.82.151','四川省巴中市','电信','四川省','巴中市',510000),(274,NULL,'2018-08-20 22:10:09','/p/about.html','101.199.112.54','北京市','万网','北京市','北京市',110000),(275,NULL,'2018-08-21 01:11:32','/p/panorama.html','171.210.185.201','四川省成都市','电信','四川省','成都市',510000),(276,NULL,'2018-08-21 01:11:38','/p/community.html','171.210.185.201','四川省成都市','电信','四川省','成都市',510000),(277,NULL,'2018-08-21 01:12:14','/m.html','171.210.185.201','四川省成都市','电信','四川省','成都市',510000),(278,NULL,'2018-08-21 01:21:50','/p/statistics.html','171.210.185.201','四川省成都市','电信','四川省','成都市',510000),(279,NULL,'2018-08-21 01:23:04','/p/community.html','171.210.185.201','四川省成都市','电信','四川省','成都市',510000),(280,NULL,'2018-08-21 01:23:11','/p/community.html','171.210.185.201','四川省成都市','电信','四川省','成都市',510000),(281,NULL,'2018-08-21 01:23:37','/p/panorama.html','171.210.185.201','四川省成都市','电信','四川省','成都市',510000),(282,NULL,'2018-08-21 01:27:54','/m.html','101.206.167.110','四川省','联通','四川省','',510000),(283,NULL,'2018-08-21 01:28:26','/p/about.html','101.206.167.110','四川省','联通','四川省','',510000),(284,NULL,'2018-08-21 01:29:13','/p/create360.html','101.206.167.110','四川省','联通','四川省','',510000),(285,NULL,'2018-08-21 01:32:51','/p/personpage.html','101.206.167.110','四川省','联通','四川省','',510000),(286,NULL,'2018-08-21 01:32:53','/p/personpage.html','101.206.167.110','四川省','联通','四川省','',510000),(287,NULL,'2018-08-21 01:32:55','/p/create360.html','101.206.167.110','四川省','联通','四川省','',510000),(288,NULL,'2018-08-21 01:33:25','/p/panorama.html','101.206.167.110','四川省','联通','四川省','',510000),(289,NULL,'2018-08-21 06:53:52','/p/panorama.html','171.91.82.151','四川省巴中市','电信','四川省','巴中市',510000),(290,NULL,'2018-08-21 06:53:59','/p/statistics.html','171.91.82.151','四川省巴中市','电信','四川省','巴中市',510000),(291,NULL,'2018-08-21 07:09:42','/m.html','171.91.82.151','四川省巴中市','电信','四川省','巴中市',510000),(292,NULL,'2018-08-21 07:09:50','/m.html','171.91.82.151','四川省巴中市','电信','四川省','巴中市',510000),(293,NULL,'2018-08-21 07:11:56','/p/create360.html','171.91.82.151','四川省巴中市','电信','四川省','巴中市',510000),(294,NULL,'2018-08-21 07:11:59','/p/community.html','171.91.82.151','四川省巴中市','电信','四川省','巴中市',510000),(295,NULL,'2018-08-21 07:12:15','/p/community.html','171.91.82.151','四川省巴中市','电信','四川省','巴中市',510000),(296,NULL,'2018-08-21 07:34:17','/p/statistics.html','171.91.82.151','四川省巴中市','电信','四川省','巴中市',510000),(297,NULL,'2018-08-21 07:46:06','/','171.91.82.151','四川省巴中市','电信','四川省','巴中市',510000),(298,NULL,'2018-08-21 07:46:45','/p/community.html','171.91.82.151','四川省巴中市','电信','四川省','巴中市',510000),(299,NULL,'2018-08-21 07:46:52','/p/panorama.html','171.91.82.151','四川省巴中市','电信','四川省','巴中市',510000),(300,NULL,'2018-08-21 07:49:13','/m.html','171.91.82.151','四川省巴中市','电信','四川省','巴中市',510000),(301,NULL,'2018-08-21 07:53:44','/p/community.html','101.199.110.111','北京市','万网','北京市','北京市',110000),(302,NULL,'2018-08-21 07:53:49','/m.html','101.199.108.119','北京市','万网','北京市','北京市',110000),(303,NULL,'2018-08-21 07:58:10','/m.html','101.199.110.109','北京市','万网','北京市','北京市',110000),(304,NULL,'2018-08-21 10:38:56','/','171.91.82.151','四川省巴中市','电信','四川省','巴中市',510000),(305,NULL,'2018-08-21 10:39:00','/p/community.html','171.91.82.151','四川省巴中市','电信','四川省','巴中市',510000),(306,NULL,'2018-08-21 10:51:49','/p/community.html','171.91.82.151','四川省巴中市','电信','四川省','巴中市',510000),(307,NULL,'2018-08-21 10:51:51','/index.html','171.91.82.151','四川省巴中市','电信','四川省','巴中市',510000),(308,NULL,'2018-08-21 10:52:00','/index.html','171.91.82.151','四川省巴中市','电信','四川省','巴中市',510000),(309,NULL,'2018-08-21 10:52:17','/index.html','171.91.82.151','四川省巴中市','电信','四川省','巴中市',510000),(310,NULL,'2018-08-21 10:52:37','/p/create360.html','171.91.82.151','四川省巴中市','电信','四川省','巴中市',510000),(311,NULL,'2018-08-21 10:52:47','/p/personpage.html','171.91.82.151','四川省巴中市','电信','四川省','巴中市',510000),(312,NULL,'2018-08-21 10:52:49','/p/personpage.html','171.91.82.151','四川省巴中市','电信','四川省','巴中市',510000),(313,NULL,'2018-08-21 10:53:03','/p/community.html','171.91.82.151','四川省巴中市','电信','四川省','巴中市',510000),(314,NULL,'2018-08-21 10:53:09','/p/create360.html','171.91.82.151','四川省巴中市','电信','四川省','巴中市',510000),(315,NULL,'2018-08-21 10:53:33','/p/panorama.html','171.91.82.151','四川省巴中市','电信','四川省','巴中市',510000),(316,NULL,'2018-08-21 10:54:04','/p/panorama.html','171.91.82.151','四川省巴中市','电信','四川省','巴中市',510000),(317,NULL,'2018-08-21 10:54:30','/p/panorama.html','171.91.82.151','四川省巴中市','电信','四川省','巴中市',510000),(318,NULL,'2018-08-21 10:55:05','/p/panorama.html','171.91.82.151','四川省巴中市','电信','四川省','巴中市',510000),(319,NULL,'2018-08-21 10:55:22','/p/personpage.html','171.91.82.151','四川省巴中市','电信','四川省','巴中市',510000),(320,NULL,'2018-08-21 11:00:31','/p/personpage.html','171.91.82.151','四川省巴中市','电信','四川省','巴中市',510000),(321,NULL,'2018-08-21 11:00:49','/p/community.html','171.91.82.151','四川省巴中市','电信','四川省','巴中市',510000),(322,NULL,'2018-08-21 11:03:11','/p/statistics.html','171.91.82.151','四川省巴中市','电信','四川省','巴中市',510000),(323,NULL,'2018-08-21 11:04:21','/p/panorama.html','171.91.82.151','四川省巴中市','电信','四川省','巴中市',510000),(324,NULL,'2018-08-21 11:04:34','/p/community.html','171.91.82.151','四川省巴中市','电信','四川省','巴中市',510000),(325,NULL,'2018-08-21 11:05:06','/m.html','171.91.82.151','四川省巴中市','电信','四川省','巴中市',510000),(326,NULL,'2018-08-21 11:06:32','/p/community.html','171.91.82.151','四川省巴中市','电信','四川省','巴中市',510000),(327,NULL,'2018-08-21 11:07:40','/m.html','171.91.82.151','四川省巴中市','电信','四川省','巴中市',510000),(328,NULL,'2018-08-21 11:10:00','/p/panorama.html','14.215.176.132','广东省广州市','电信','广东省','广州市',440000),(329,NULL,'2018-08-21 11:10:44','/','123.125.143.159','北京市','联通ADSL','北京市','北京市',110000),(330,NULL,'2018-08-21 11:21:10','/m.html','171.91.82.151','四川省巴中市','电信','四川省','巴中市',510000),(331,NULL,'2018-08-21 11:22:28','/p/community.html','171.91.82.151','四川省巴中市','电信','四川省','巴中市',510000),(332,NULL,'2018-08-21 11:22:37','/p/community.html','171.91.82.151','四川省巴中市','电信','四川省','巴中市',510000),(333,NULL,'2018-08-21 11:23:28','/m.html','171.91.82.151','四川省巴中市','电信','四川省','巴中市',510000),(334,NULL,'2018-08-21 11:25:12','/p/community.html','171.91.82.151','四川省巴中市','电信','四川省','巴中市',510000),(335,NULL,'2018-08-21 11:25:35','/p/learning.html','171.91.82.151','四川省巴中市','电信','四川省','巴中市',510000),(336,NULL,'2018-08-21 11:25:40','/p/create360.html','171.91.82.151','四川省巴中市','电信','四川省','巴中市',510000),(337,NULL,'2018-08-21 11:25:43','/p/about.html','171.91.82.151','四川省巴中市','电信','四川省','巴中市',510000),(338,NULL,'2018-08-21 11:29:24','/p/message-board.html','171.91.82.151','四川省巴中市','电信','四川省','巴中市',510000),(339,NULL,'2018-08-21 11:31:16','/p/statistics.html','171.91.82.151','四川省巴中市','电信','四川省','巴中市',510000),(340,NULL,'2018-08-21 11:32:25','/p/personpage.html','171.91.82.151','四川省巴中市','电信','四川省','巴中市',510000),(341,NULL,'2018-08-21 11:32:32','/p/personpage.html','171.91.82.151','四川省巴中市','电信','四川省','巴中市',510000),(342,NULL,'2018-08-21 11:33:22','/p/create360.html','171.91.82.151','四川省巴中市','电信','四川省','巴中市',510000),(343,NULL,'2018-08-21 11:48:19','/m.html','171.91.82.151','四川省巴中市','电信','四川省','巴中市',510000),(344,NULL,'2018-08-21 11:49:01','/p/community.html','171.91.82.151','四川省巴中市','电信','四川省','巴中市',510000),(345,NULL,'2018-08-21 11:49:23','/p/create360.html','171.91.82.151','四川省巴中市','电信','四川省','巴中市',510000),(346,NULL,'2018-08-21 11:49:49','/p/message-board.html','171.91.82.151','四川省巴中市','电信','四川省','巴中市',510000),(347,NULL,'2018-08-21 11:50:21','/p/community.html','171.91.82.151','四川省巴中市','电信','四川省','巴中市',510000),(348,NULL,'2018-08-21 12:33:59','/p/community.html','171.91.82.151','四川省巴中市','电信','四川省','巴中市',510000),(349,NULL,'2018-08-21 12:36:08','/m.html','171.91.82.151','四川省巴中市','电信','四川省','巴中市',510000),(350,NULL,'2018-08-21 12:36:41','/p/statistics.html','171.91.82.151','四川省巴中市','电信','四川省','巴中市',510000),(351,NULL,'2018-08-21 12:37:25','/p/panorama.html','171.91.82.151','四川省巴中市','电信','四川省','巴中市',510000),(352,NULL,'2018-08-21 12:37:49','/p/panorama.html','171.91.82.151','四川省巴中市','电信','四川省','巴中市',510000),(353,NULL,'2018-08-21 12:39:06','/p/panorama.html','171.91.82.151','四川省巴中市','电信','四川省','巴中市',510000),(354,NULL,'2018-08-21 12:39:34','/p/panorama.html','171.91.82.151','四川省巴中市','电信','四川省','巴中市',510000),(355,NULL,'2018-08-21 12:40:22','/p/panorama.html','171.91.82.151','四川省巴中市','电信','四川省','巴中市',510000),(356,NULL,'2018-08-21 12:41:22','/p/community.html','171.91.82.151','四川省巴中市','电信','四川省','巴中市',510000),(357,NULL,'2018-08-21 12:42:22','/p/panorama.html','111.206.36.14','北京市','联通','北京市','北京市',110000),(358,NULL,'2018-08-21 12:42:38','/p/personpage.html','171.91.82.151','四川省巴中市','电信','四川省','巴中市',510000),(359,NULL,'2018-08-21 12:42:53','/p/panorama.html','14.215.176.139','广东省广州市','电信','广东省','广州市',440000),(360,NULL,'2018-08-21 12:43:09','/p/personpage.html','171.91.82.151','四川省巴中市','电信','四川省','巴中市',510000),(361,NULL,'2018-08-21 12:43:14','/m.html','171.91.82.151','四川省巴中市','电信','四川省','巴中市',510000),(362,NULL,'2018-08-21 12:46:34','/p/community.html','171.91.82.151','四川省巴中市','电信','四川省','巴中市',510000),(363,NULL,'2018-08-21 12:47:06','/p/statistics.html','171.91.82.151','四川省巴中市','电信','四川省','巴中市',510000),(364,NULL,'2018-08-21 12:49:09','/p/about.html','171.91.82.151','四川省巴中市','电信','四川省','巴中市',510000),(365,NULL,'2018-08-21 13:25:21','/p/statistics.html','14.215.176.137','广东省广州市','电信','广东省','广州市',440000),(366,NULL,'2018-08-21 14:53:17','/p/panorama.html','101.199.112.54','北京市','万网','北京市','北京市',110000),(367,NULL,'2018-08-21 17:16:50','/p/community.html','171.210.185.201','四川省成都市','电信','四川省','成都市',510000),(368,NULL,'2018-08-21 17:16:59','/p/statistics.html','171.210.185.201','四川省成都市','电信','四川省','成都市',510000),(369,NULL,'2018-08-21 17:17:28','/p/statistics.html','171.210.185.201','四川省成都市','电信','四川省','成都市',510000),(370,NULL,'2018-08-21 17:17:34','/m.html','171.210.185.201','四川省成都市','电信','四川省','成都市',510000),(371,NULL,'2018-08-21 17:18:09','/p/about.html','171.210.185.201','四川省成都市','电信','四川省','成都市',510000),(372,NULL,'2018-08-21 17:42:33','/p/about.html','171.210.185.201','四川省成都市','电信','四川省','成都市',510000),(373,NULL,'2018-08-21 17:42:36','/p/statistics.html','171.210.185.201','四川省成都市','电信','四川省','成都市',510000),(374,NULL,'2018-08-21 17:43:28','/p/community.html','171.210.185.201','四川省成都市','电信','四川省','成都市',510000),(375,NULL,'2018-08-21 17:44:12','/p/panorama.html','171.210.185.201','四川省成都市','电信','四川省','成都市',510000),(376,NULL,'2018-08-21 17:44:59','/p/community.html','171.210.185.201','四川省成都市','电信','四川省','成都市',510000),(377,NULL,'2018-08-21 17:45:10','/m.html','171.210.185.201','四川省成都市','电信','四川省','成都市',510000),(378,NULL,'2018-08-21 17:48:16','/p/message-board.html','171.210.185.201','四川省成都市','电信','四川省','成都市',510000),(379,NULL,'2018-08-21 17:48:28','/p/about.html','171.210.185.201','四川省成都市','电信','四川省','成都市',510000),(380,NULL,'2018-08-21 19:17:15','/p/message-board.html','171.210.185.201','四川省成都市','电信','四川省','成都市',510000),(381,NULL,'2018-08-21 19:17:28','/p/statistics.html','171.210.185.201','四川省成都市','电信','四川省','成都市',510000),(382,NULL,'2018-08-21 19:18:13','/m.html','171.210.185.201','四川省成都市','电信','四川省','成都市',510000),(383,NULL,'2018-08-21 19:19:18','/p/create360.html','171.210.185.201','四川省成都市','电信','四川省','成都市',510000),(384,NULL,'2018-08-21 19:19:37','/m.html','171.210.185.201','四川省成都市','电信','四川省','成都市',510000),(385,NULL,'2018-08-21 19:20:45','/p/panorama.html','171.210.185.201','四川省成都市','电信','四川省','成都市',510000),(386,NULL,'2018-08-21 20:17:42','/p/community.html','171.210.185.201','四川省成都市','电信','四川省','成都市',510000),(387,NULL,'2018-08-21 20:17:46','/p/personpage.html','171.210.185.201','四川省成都市','电信','四川省','成都市',510000),(388,NULL,'2018-08-21 20:43:29','/m.html','171.210.185.201','四川省成都市','电信','四川省','成都市',510000),(389,NULL,'2018-08-21 20:43:42','/p/community.html','171.210.185.201','四川省成都市','电信','四川省','成都市',510000),(390,NULL,'2018-08-21 20:44:15','/p/statistics.html','171.210.185.201','四川省成都市','电信','四川省','成都市',510000),(391,NULL,'2018-08-21 20:45:06','/p/community.html','171.210.185.201','四川省成都市','电信','四川省','成都市',510000),(392,NULL,'2018-08-21 20:45:24','/p/statistics.html','171.210.185.201','四川省成都市','电信','四川省','成都市',510000),(393,NULL,'2018-08-21 20:46:16','/p/personpage.html','171.210.185.201','四川省成都市','电信','四川省','成都市',510000),(394,NULL,'2018-08-21 20:46:45','/p/personpage.html','171.210.185.201','四川省成都市','电信','四川省','成都市',510000),(395,NULL,'2018-08-21 20:46:47','/p/personpage.html','171.210.185.201','四川省成都市','电信','四川省','成都市',510000),(396,NULL,'2018-08-21 20:48:17','/','171.91.82.151','四川省巴中市','电信','四川省','巴中市',510000),(397,NULL,'2018-08-21 20:48:22','/p/learning.html','171.91.82.151','四川省巴中市','电信','四川省','巴中市',510000),(398,NULL,'2018-08-21 20:48:28','/p/personpage.html','171.91.82.151','四川省巴中市','电信','四川省','巴中市',510000),(399,NULL,'2018-08-21 20:48:30','/p/personpage.html','171.91.82.151','四川省巴中市','电信','四川省','巴中市',510000),(400,NULL,'2018-08-21 20:48:57','/p/personpage.html','171.91.82.151','四川省巴中市','电信','四川省','巴中市',510000),(401,NULL,'2018-08-21 20:49:00','/p/personpage.html','171.210.185.201','四川省成都市','电信','四川省','成都市',510000),(402,NULL,'2018-08-21 20:51:25','/p/about.html','171.91.82.151','四川省巴中市','电信','四川省','巴中市',510000),(403,NULL,'2018-08-21 20:51:33','/p/about.html','171.91.82.151','四川省巴中市','电信','四川省','巴中市',510000),(404,NULL,'2018-08-21 20:54:34','/p/personpage.html','171.91.82.151','四川省巴中市','电信','四川省','巴中市',510000),(405,NULL,'2018-08-21 21:07:56','/m.html','171.210.185.201','四川省成都市','电信','四川省','成都市',510000),(406,NULL,'2018-08-21 21:08:10','/p/about.html','171.210.185.201','四川省成都市','电信','四川省','成都市',510000),(407,NULL,'2018-08-21 21:08:26','/p/personpage.html','171.210.185.201','四川省成都市','电信','四川省','成都市',510000),(408,NULL,'2018-08-21 21:08:50','/p/about.html','171.210.185.201','四川省成都市','电信','四川省','成都市',510000),(409,NULL,'2018-08-21 21:09:11','/p/personpage.html','171.210.185.201','四川省成都市','电信','四川省','成都市',510000),(410,NULL,'2018-08-21 21:19:35','/m.html','171.210.185.201','四川省成都市','电信','四川省','成都市',510000),(411,NULL,'2018-08-21 21:21:26','/','171.91.82.151','四川省巴中市','电信','四川省','巴中市',510000),(412,NULL,'2018-08-21 21:21:37','/p/about.html','171.91.82.151','四川省巴中市','电信','四川省','巴中市',510000),(413,NULL,'2018-08-21 21:26:51','/m.html','171.210.185.201','四川省成都市','电信','四川省','成都市',510000),(414,NULL,'2018-08-21 21:27:09','/p/learning.html','171.210.185.201','四川省成都市','电信','四川省','成都市',510000),(415,NULL,'2018-08-21 21:27:19','/p/community.html','171.210.185.201','四川省成都市','电信','四川省','成都市',510000),(416,NULL,'2018-08-21 21:27:52','/p/panorama.html','171.210.185.201','四川省成都市','电信','四川省','成都市',510000),(417,NULL,'2018-08-21 21:27:59','/p/panorama.html','171.210.185.201','四川省成都市','电信','四川省','成都市',510000),(418,NULL,'2018-08-21 21:28:07','/p/panorama.html','171.210.185.201','四川省成都市','电信','四川省','成都市',510000),(419,NULL,'2018-08-21 21:29:07','/p/panorama.html','171.210.185.201','四川省成都市','电信','四川省','成都市',510000),(420,NULL,'2018-08-21 21:29:38','/','171.91.82.151','四川省巴中市','电信','四川省','巴中市',510000),(421,NULL,'2018-08-21 21:29:41','/p/community.html','171.91.82.151','四川省巴中市','电信','四川省','巴中市',510000),(422,NULL,'2018-08-21 21:29:52','/p/panorama.html','171.91.82.151','四川省巴中市','电信','四川省','巴中市',510000),(423,NULL,'2018-08-21 21:35:22','/p/statistics.html','171.91.82.151','四川省巴中市','电信','四川省','巴中市',510000),(424,NULL,'2018-08-21 21:36:08','/p/panorama.html','171.210.185.201','四川省成都市','电信','四川省','成都市',510000),(425,NULL,'2018-08-21 21:36:23','/p/panorama.html','171.210.185.201','四川省成都市','电信','四川省','成都市',510000),(426,NULL,'2018-08-21 21:43:40','/p/panorama.html','171.210.185.201','四川省成都市','电信','四川省','成都市',510000),(427,NULL,'2018-08-21 21:43:50','/p/panorama.html','171.210.185.201','四川省成都市','电信','四川省','成都市',510000),(428,NULL,'2018-08-21 21:46:47','/p/panorama.html','171.210.185.201','四川省成都市','电信','四川省','成都市',510000),(429,NULL,'2018-08-21 21:47:19','/p/panorama.html','171.91.82.151','四川省巴中市','电信','四川省','巴中市',510000),(430,NULL,'2018-08-21 21:47:32','/p/community.html','171.91.82.151','四川省巴中市','电信','四川省','巴中市',510000),(431,NULL,'2018-08-21 21:47:48','/p/panorama.html','171.91.82.151','四川省巴中市','电信','四川省','巴中市',510000),(432,NULL,'2018-08-21 21:48:13','/p/panorama.html','171.210.185.201','四川省成都市','电信','四川省','成都市',510000),(433,NULL,'2018-08-21 21:48:43','/p/panorama.html','61.129.8.250','上海市','电信','上海市','上海市',310000),(434,NULL,'2018-08-21 22:02:41','/p/panorama.html','171.210.185.201','四川省成都市','电信','四川省','成都市',510000),(435,NULL,'2018-08-21 22:06:23','/p/panorama.html','113.96.219.243','广东省深圳市','电信','广东省','深圳市',440000),(436,NULL,'2018-08-21 22:30:06','/p/panorama.html','124.161.27.116','四川省成都市','联通','四川省','成都市',510000),(437,NULL,'2018-08-21 23:30:28','/p/panorama.html','171.210.185.201','四川省成都市','电信','四川省','成都市',510000),(438,NULL,'2018-08-21 23:31:02','/p/statistics.html','171.210.185.201','四川省成都市','电信','四川省','成都市',510000),(439,NULL,'2018-08-21 23:31:26','/p/about.html','171.210.185.201','四川省成都市','电信','四川省','成都市',510000),(440,NULL,'2018-08-21 23:31:50','/p/message-board.html','171.210.185.201','四川省成都市','电信','四川省','成都市',510000),(441,NULL,'2018-08-21 23:41:38','/p/about.html','171.91.82.151','四川省巴中市','电信','四川省','巴中市',510000),(442,NULL,'2018-08-21 23:41:39','/p/about.html','171.91.82.151','四川省巴中市','电信','四川省','巴中市',510000),(443,NULL,'2018-08-21 23:41:56','/p/personpage.html','171.91.82.151','四川省巴中市','电信','四川省','巴中市',510000),(444,NULL,'2018-08-21 23:45:19','/p/panorama.html','171.91.82.151','四川省巴中市','电信','四川省','巴中市',510000),(445,NULL,'2018-08-22 00:06:03','/m.html','171.210.185.201','四川省成都市','电信','四川省','成都市',510000),(446,NULL,'2018-08-22 00:06:33','/p/statistics.html','171.210.185.201','四川省成都市','电信','四川省','成都市',510000),(447,NULL,'2018-08-22 00:17:33','/p/panorama.html','223.104.216.110','四川省成都市','移通','四川省','成都市',510000),(448,NULL,'2018-08-22 00:18:30','/p/panorama.html','223.104.216.110','四川省成都市','移通','四川省','成都市',510000),(449,NULL,'2018-08-22 00:18:41','/p/panorama.html','223.104.216.110','四川省成都市','移通','四川省','成都市',510000),(450,NULL,'2018-08-22 00:18:59','/p/panorama.html','223.104.216.110','四川省成都市','移通','四川省','成都市',510000),(451,NULL,'2018-08-22 00:19:23','/p/panorama.html','223.104.216.110','四川省成都市','移通','四川省','成都市',510000),(452,NULL,'2018-08-22 00:19:41','/p/panorama.html','223.104.216.110','四川省成都市','移通','四川省','成都市',510000),(453,NULL,'2018-08-22 03:55:30','/p/community.html','111.206.36.15','北京市','联通','北京市','北京市',110000),(454,NULL,'2018-08-22 04:50:24','/p/panorama.html','125.39.207.115','天津市','联通','天津市','天津市',120000),(455,NULL,'2018-08-22 06:21:56','/m.html','171.91.82.151','四川省巴中市','电信','四川省','巴中市',510000),(456,NULL,'2018-08-22 09:29:50','/p/statistics.html','171.91.82.151','四川省巴中市','电信','四川省','巴中市',510000),(457,NULL,'2018-08-22 09:30:21','/p/panorama.html','171.91.82.151','四川省巴中市','电信','四川省','巴中市',510000),(458,NULL,'2018-08-22 09:31:30','/p/community.html','171.91.82.151','四川省巴中市','电信','四川省','巴中市',510000),(459,NULL,'2018-08-22 09:48:30','/p/statistics.html','171.91.82.151','四川省巴中市','电信','四川省','巴中市',510000),(460,NULL,'2018-08-22 09:49:15','/p/community.html','171.91.82.151','四川省巴中市','电信','四川省','巴中市',510000),(461,NULL,'2018-08-22 09:49:39','/p/personpage.html','171.91.82.151','四川省巴中市','电信','四川省','巴中市',510000),(462,NULL,'2018-08-22 09:49:47','/p/community.html','171.91.82.151','四川省巴中市','电信','四川省','巴中市',510000),(463,NULL,'2018-08-22 09:50:20','/p/panorama.html','171.91.82.151','四川省巴中市','电信','四川省','巴中市',510000),(464,NULL,'2018-08-22 09:50:38','/p/community.html','171.91.82.151','四川省巴中市','电信','四川省','巴中市',510000),(465,NULL,'2018-08-22 09:50:40','/p/panorama.html','171.91.82.151','四川省巴中市','电信','四川省','巴中市',510000),(466,NULL,'2018-08-22 09:51:10','/p/community.html','171.91.82.151','四川省巴中市','电信','四川省','巴中市',510000),(467,NULL,'2018-08-22 09:51:18','/p/panorama.html','171.91.82.151','四川省巴中市','电信','四川省','巴中市',510000),(468,NULL,'2018-08-22 09:51:38','/p/community.html','171.91.82.151','四川省巴中市','电信','四川省','巴中市',510000),(469,NULL,'2018-08-22 09:51:43','/p/panorama.html','171.91.82.151','四川省巴中市','电信','四川省','巴中市',510000),(470,NULL,'2018-08-22 09:58:06','/p/statistics.html','171.91.82.151','四川省巴中市','电信','四川省','巴中市',510000),(471,NULL,'2018-08-22 10:21:05','/p/panorama.html','14.215.176.16','广东省广州市','电信','广东省','广州市',440000),(472,NULL,'2018-08-22 11:23:33','/p/community.html','171.91.81.35','四川省巴中市','电信','四川省','巴中市',510000),(473,NULL,'2018-08-22 11:23:38','/p/statistics.html','171.91.81.35','四川省巴中市','电信','四川省','巴中市',510000),(474,NULL,'2018-08-22 14:36:27','/m.html','171.91.81.35','四川省巴中市','电信','四川省','巴中市',510000),(475,NULL,'2018-08-22 14:36:54','/p/statistics.html','171.91.81.35','四川省巴中市','电信','四川省','巴中市',510000),(476,NULL,'2018-08-22 14:37:32','/p/community.html','171.91.81.35','四川省巴中市','电信','四川省','巴中市',510000),(477,NULL,'2018-08-22 14:37:50','/p/panorama.html','171.91.81.35','四川省巴中市','电信','四川省','巴中市',510000),(478,NULL,'2018-08-22 14:38:49','/p/message-board.html','171.91.81.35','四川省巴中市','电信','四川省','巴中市',510000),(479,NULL,'2018-08-22 15:20:46','/p/statistics.html','171.210.185.201','四川省成都市','电信','四川省','成都市',510000),(480,NULL,'2018-08-22 16:44:11','/p/about.html','111.206.198.9','北京市','联通','北京市','北京市',110000),(481,NULL,'2018-08-22 20:20:53','/m.html','223.85.145.29','四川省内江市','移动','四川省','内江市',510000),(482,NULL,'2018-08-22 20:21:28','/m.html','101.206.171.118','四川省','联通','四川省','',510000),(483,NULL,'2018-08-22 20:21:41','/m.html','223.85.145.29','四川省内江市','移动','四川省','内江市',510000),(484,NULL,'2018-08-22 20:22:05','/p/message-board.html','223.85.145.29','四川省内江市','移动','四川省','内江市',510000),(485,NULL,'2018-08-22 20:24:11','/m.html','223.85.145.29','四川省内江市','移动','四川省','内江市',510000),(486,NULL,'2018-08-22 20:27:27','/m.html','111.161.57.117','天津市','联通','天津市','天津市',120000),(487,NULL,'2018-08-23 05:42:52','/p/personpage.html','115.239.212.198','浙江省杭州市','电信','浙江省','杭州市',330000),(488,NULL,'2018-08-23 07:32:59','/p/about.html','64.233.173.27','','新加坡','','',999999),(489,NULL,'2018-08-23 07:33:39','/p/create360.html','64.233.173.29','','新加坡','','',999999),(490,NULL,'2018-08-23 07:33:43','/p/create360bysix.html','64.233.173.27','','新加坡','','',999999),(491,NULL,'2018-08-23 07:36:37','/p/create360.html','64.233.173.27','','新加坡','','',999999),(492,NULL,'2018-08-23 09:51:46','/','171.91.81.35','四川省巴中市','电信','四川省','巴中市',510000),(493,NULL,'2018-08-23 09:51:51','/p/statistics.html','171.91.81.35','四川省巴中市','电信','四川省','巴中市',510000),(494,NULL,'2018-08-23 13:30:05','/p/community.html','171.91.81.35','四川省巴中市','电信','四川省','巴中市',510000),(495,NULL,'2018-08-23 13:30:10','/p/statistics.html','171.91.81.35','四川省巴中市','电信','四川省','巴中市',510000),(496,NULL,'2018-08-23 15:51:24','/p/statistics.html','171.91.81.35','四川省巴中市','电信','四川省','巴中市',510000),(497,NULL,'2018-08-23 15:51:59','/p/message-board.html','171.91.81.35','四川省巴中市','电信','四川省','巴中市',510000),(498,NULL,'2018-08-24 02:18:59','/m.html','101.199.112.50','北京市','万网','北京市','北京市',110000),(499,NULL,'2018-08-24 03:38:44','/','14.215.176.7','广东省广州市','电信','广东省','广州市',440000),(500,NULL,'2018-08-24 07:42:49','/m.html','171.91.81.35','四川省巴中市','电信','四川省','巴中市',510000),(501,NULL,'2018-08-24 07:42:59','/p/statistics.html','171.91.81.35','四川省巴中市','电信','四川省','巴中市',510000),(502,NULL,'2018-08-24 07:47:04','/m.html','171.91.81.35','四川省巴中市','电信','四川省','巴中市',510000),(503,NULL,'2018-08-24 07:47:22','/p/about.html','171.91.81.35','四川省巴中市','电信','四川省','巴中市',510000),(504,NULL,'2018-08-24 07:49:23','/m.html','171.91.81.35','四川省巴中市','电信','四川省','巴中市',510000),(505,NULL,'2018-08-24 07:52:55','/p/panorama.html','171.91.81.35','四川省巴中市','电信','四川省','巴中市',510000),(506,NULL,'2018-08-24 08:47:18','/p/statistics.html','171.91.81.35','四川省巴中市','电信','四川省','巴中市',510000),(507,NULL,'2018-08-24 10:49:27','/','111.206.36.132','北京市','联通','北京市','北京市',110000),(508,NULL,'2018-08-24 11:06:29','/','112.18.148.225','四川省内江市','移通','四川省','内江市',510000),(509,NULL,'2018-08-24 11:06:37','/p/message-board.html','112.18.148.225','四川省内江市','移通','四川省','内江市',510000),(510,NULL,'2018-08-24 11:06:52','/p/community.html','112.18.148.225','四川省内江市','移通','四川省','内江市',510000),(511,NULL,'2018-08-24 11:07:06','/p/statistics.html','112.18.148.225','四川省内江市','移通','四川省','内江市',510000),(512,NULL,'2018-08-24 11:07:42','/p/message-board.html','112.18.148.225','四川省内江市','移通','四川省','内江市',510000),(513,NULL,'2018-08-24 11:07:45','/p/about.html','112.18.148.225','四川省内江市','移通','四川省','内江市',510000),(514,NULL,'2018-08-24 11:08:01','/p/create360.html','112.18.148.225','四川省内江市','移通','四川省','内江市',510000),(515,NULL,'2018-08-24 11:08:02','/p/learning.html','112.18.148.225','四川省内江市','移通','四川省','内江市',510000),(516,NULL,'2018-08-24 11:08:04','/p/community.html','112.18.148.225','四川省内江市','移通','四川省','内江市',510000),(517,NULL,'2018-08-24 11:08:05','/index.html','112.18.148.225','四川省内江市','移通','四川省','内江市',510000),(518,NULL,'2018-08-24 12:24:35','/','42.236.10.117','河南省郑州市','联通','河南省','郑州市',410000),(519,NULL,'2018-08-24 13:00:25','/m.html','101.199.121.77','北京市','万网','北京市','北京市',110000),(520,NULL,'2018-08-24 15:01:42','/index.html','121.32.13.218','广东省广州市','电信','广东省','广州市',440000),(521,NULL,'2018-08-24 15:01:54','/p/community.html','121.32.13.218','广东省广州市','电信','广东省','广州市',440000),(522,NULL,'2018-08-24 15:01:59','/p/panorama.html','121.32.13.218','广东省广州市','电信','广东省','广州市',440000),(523,NULL,'2018-08-24 15:02:03','/p/panorama.html','121.32.13.218','广东省广州市','电信','广东省','广州市',440000),(524,NULL,'2018-08-24 15:02:08','/p/panorama.html','121.32.13.218','广东省广州市','电信','广东省','广州市',440000),(525,NULL,'2018-08-24 15:11:29','/p/panorama.html','223.104.105.211','河南省郑州市','移通','河南省','郑州市',410000),(526,NULL,'2018-08-24 15:25:47','/m.html','121.32.13.218','广东省广州市','电信','广东省','广州市',440000),(527,NULL,'2018-08-24 15:25:54','/p/create360.html','121.32.13.218','广东省广州市','电信','广东省','广州市',440000),(528,NULL,'2018-08-24 15:25:57','/m.html','121.32.13.218','广东省广州市','电信','广东省','广州市',440000),(529,NULL,'2018-08-24 15:26:03','/p/community.html','121.32.13.218','广东省广州市','电信','广东省','广州市',440000),(530,NULL,'2018-08-24 15:26:07','/p/panorama.html','121.32.13.218','广东省广州市','电信','广东省','广州市',440000),(531,NULL,'2018-08-24 15:29:42','/p/community.html','101.199.108.118','北京市','万网','北京市','北京市',110000),(532,NULL,'2018-08-24 16:39:50','/m.html','101.199.112.53','北京市','万网','北京市','北京市',110000),(533,NULL,'2018-08-25 08:12:35','/m.html','171.91.80.216','四川省巴中市','电信','四川省','巴中市',510000),(534,NULL,'2018-08-25 08:12:41','/p/statistics.html','171.91.80.216','四川省巴中市','电信','四川省','巴中市',510000),(535,NULL,'2018-08-25 10:23:09','/p/statistics.html','171.91.80.216','四川省巴中市','电信','四川省','巴中市',510000),(536,NULL,'2018-08-25 10:23:13','/p/statistics.html','171.91.80.216','四川省巴中市','电信','四川省','巴中市',510000),(537,NULL,'2018-08-25 11:19:43','/','111.206.36.11','北京市','联通','北京市','北京市',110000),(538,NULL,'2018-08-25 23:29:18','/m.html','101.199.112.49','北京市','万网','北京市','北京市',110000),(539,NULL,'2018-08-26 11:34:33','/','14.215.176.142','广东省广州市','电信','广东省','广州市',440000),(540,NULL,'2018-08-26 14:29:09','/m.html','171.91.83.64','四川省巴中市','电信','四川省','巴中市',510000),(541,NULL,'2018-08-26 14:29:27','/p/statistics.html','171.91.83.64','四川省巴中市','电信','四川省','巴中市',510000),(542,NULL,'2018-08-26 14:29:49','/m.html','171.91.83.64','四川省巴中市','电信','四川省','巴中市',510000),(543,NULL,'2018-08-26 14:29:53','/p/about.html','171.91.83.64','四川省巴中市','电信','四川省','巴中市',510000),(544,NULL,'2018-08-26 23:12:39','/m.html','182.124.224.59','河南省安阳市','联通','河南省','安阳市',410000),(545,NULL,'2018-08-26 23:13:39','/m.html','182.124.224.59','河南省安阳市','联通','河南省','安阳市',410000),(546,NULL,'2018-08-26 23:13:46','/p/learning.html','182.124.224.59','河南省安阳市','联通','河南省','安阳市',410000),(547,NULL,'2018-08-26 23:13:52','/p/community.html','182.124.224.59','河南省安阳市','联通','河南省','安阳市',410000),(548,NULL,'2018-08-26 23:13:57','/p/panorama.html','182.124.224.59','河南省安阳市','联通','河南省','安阳市',410000),(549,NULL,'2018-08-26 23:14:09','/p/create360.html','182.124.224.59','河南省安阳市','联通','河南省','安阳市',410000),(550,NULL,'2018-08-26 23:16:43','/p/create360.html','182.124.224.59','河南省安阳市','联通','河南省','安阳市',410000),(551,NULL,'2018-08-26 23:16:45','/p/create360bysix.html','182.124.224.59','河南省安阳市','联通','河南省','安阳市',410000),(552,NULL,'2018-08-26 23:17:10','/p/create360bysix.html','182.124.224.59','河南省安阳市','联通','河南省','安阳市',410000),(553,NULL,'2018-08-27 00:29:24','/','183.223.149.226','四川省巴中市','移通','四川省','巴中市',510000),(554,NULL,'2018-08-27 00:29:29','/p/statistics.html','183.223.149.226','四川省巴中市','移通','四川省','巴中市',510000),(555,NULL,'2018-08-27 00:30:22','/p/about.html','183.223.149.226','四川省巴中市','移通','四川省','巴中市',510000),(556,NULL,'2018-08-27 00:30:28','/p/create360.html','183.223.149.226','四川省巴中市','移通','四川省','巴中市',510000),(557,NULL,'2018-08-27 00:30:29','/p/learning.html','183.223.149.226','四川省巴中市','移通','四川省','巴中市',510000),(558,NULL,'2018-08-27 00:30:30','/p/community.html','183.223.149.226','四川省巴中市','移通','四川省','巴中市',510000),(559,NULL,'2018-08-27 00:30:32','/index.html','183.223.149.226','四川省巴中市','移通','四川省','巴中市',510000),(560,NULL,'2018-08-27 00:30:41','/p/statistics.html','183.223.149.226','四川省巴中市','移通','四川省','巴中市',510000),(561,NULL,'2018-08-27 00:59:35','/p/statistics.html','139.207.18.47','四川省成都市','电信','四川省','成都市',510000),(562,NULL,'2018-08-27 01:23:45','/p/statistics.html','101.199.110.107','北京市','万网','北京市','北京市',110000),(563,NULL,'2018-08-27 01:23:53','/m.html','101.199.110.111','北京市','万网','北京市','北京市',110000),(564,NULL,'2018-08-27 03:02:58','/p/community.html','182.124.224.59','河南省安阳市','联通','河南省','安阳市',410000),(565,NULL,'2018-08-27 07:51:02','/p/about.html','111.206.221.49','北京市','联通','北京市','北京市',110000),(566,NULL,'2018-08-27 11:23:44','/','14.215.176.6','广东省广州市','电信','广东省','广州市',440000),(567,NULL,'2018-08-27 23:44:57','/p/create360.html','89.178.225.19','','俄罗斯','','',999999),(568,NULL,'2018-08-28 11:25:20','/','14.215.176.4','广东省广州市','电信','广东省','广州市',440000),(569,NULL,'2018-08-28 18:22:48','/','221.232.151.73','湖北省武汉市','(桥口区)电信ADSL','湖北省','武汉市',420000),(570,NULL,'2018-08-28 19:21:38','/','182.132.132.218','四川省雅安市','电信','四川省','雅安市',510000),(571,NULL,'2018-08-28 19:21:40','/p/statistics.html','182.132.132.218','四川省雅安市','电信','四川省','雅安市',510000),(572,NULL,'2018-08-28 20:56:37','/p/statistics.html','182.132.132.218','四川省雅安市','电信','四川省','雅安市',510000),(573,NULL,'2018-08-28 21:00:05','/p/learning.html','182.132.132.218','四川省雅安市','电信','四川省','雅安市',510000),(574,NULL,'2018-08-28 21:00:08','/p/about.html','182.132.132.218','四川省雅安市','电信','四川省','雅安市',510000),(575,NULL,'2018-08-28 21:27:07','/m.html','220.181.132.195','北京市','电信','北京市','北京市',110000),(576,NULL,'2018-08-28 21:29:04','/m.html','101.199.121.77','北京市','万网','北京市','北京市',110000),(577,NULL,'2018-08-28 22:28:32','/','223.87.202.174','四川省成都市','移动','四川省','成都市',510000),(578,NULL,'2018-08-28 22:29:05','/p/community.html','223.87.202.174','四川省成都市','移动','四川省','成都市',510000),(579,NULL,'2018-08-28 22:29:23','/p/message-board.html','223.87.202.174','四川省成都市','移动','四川省','成都市',510000),(580,NULL,'2018-08-28 22:29:23','/p/panorama.html','123.125.143.148','北京市','联通ADSL','北京市','北京市',110000),(581,NULL,'2018-08-28 22:29:59','/p/community.html','223.87.202.174','四川省成都市','移动','四川省','成都市',510000),(582,NULL,'2018-08-28 22:31:06','/p/community.html','223.87.202.174','四川省成都市','移动','四川省','成都市',510000),(583,NULL,'2018-08-28 22:31:11','/p/create360.html','223.87.202.174','四川省成都市','移动','四川省','成都市',510000),(584,NULL,'2018-08-28 22:31:17','/p/statistics.html','223.87.202.174','四川省成都市','移动','四川省','成都市',510000),(585,NULL,'2018-08-28 22:31:37','/p/message-board.html','223.87.202.174','四川省成都市','移动','四川省','成都市',510000),(586,NULL,'2018-08-28 22:31:40','/p/statistics.html','223.87.202.174','四川省成都市','移动','四川省','成都市',510000),(587,NULL,'2018-08-28 22:31:43','/p/about.html','223.87.202.174','四川省成都市','移动','四川省','成都市',510000),(588,NULL,'2018-08-28 22:54:48','/p/learning.html','87.250.224.124','','俄罗斯','','',999999),(589,NULL,'2018-08-29 03:31:36','/','106.11.222.144','广东省深圳市','电信','广东省','深圳市',440000),(590,NULL,'2018-08-29 09:16:01','/','182.132.132.245','四川省雅安市','电信','四川省','雅安市',510000),(591,NULL,'2018-08-29 09:16:05','/p/statistics.html','182.132.132.245','四川省雅安市','电信','四川省','雅安市',510000),(592,NULL,'2018-08-29 16:51:51','/','116.3.203.176','辽宁省大连市','联通ADSL','辽宁省','大连市',210000),(593,NULL,'2018-08-29 16:53:41','/','116.3.203.176','辽宁省大连市','联通ADSL','辽宁省','大连市',210000),(594,NULL,'2018-08-29 16:53:43','/p/create360.html','116.3.203.176','辽宁省大连市','联通ADSL','辽宁省','大连市',210000),(595,NULL,'2018-08-29 16:53:49','/p/learning.html','116.3.203.176','辽宁省大连市','联通ADSL','辽宁省','大连市',210000),(596,NULL,'2018-08-29 17:28:08','/m.html','171.209.100.221','四川省成都市','电信','四川省','成都市',510000),(597,NULL,'2018-08-29 17:28:41','/p/statistics.html','171.209.100.221','四川省成都市','电信','四川省','成都市',510000),(598,NULL,'2018-08-29 17:29:27','/p/panorama.html','171.209.100.221','四川省成都市','电信','四川省','成都市',510000),(599,NULL,'2018-08-29 17:29:46','/p/community.html','171.209.100.221','四川省成都市','电信','四川省','成都市',510000),(600,NULL,'2018-08-29 17:29:56','/p/panorama.html','171.209.100.221','四川省成都市','电信','四川省','成都市',510000),(601,NULL,'2018-08-29 17:30:27','/p/panorama.html','171.209.100.221','四川省成都市','电信','四川省','成都市',510000),(602,NULL,'2018-08-29 17:31:12','/p/message-board.html','171.209.100.221','四川省成都市','电信','四川省','成都市',510000),(603,NULL,'2018-08-29 17:31:55','/p/community.html','171.209.100.221','四川省成都市','电信','四川省','成都市',510000),(604,NULL,'2018-08-29 17:32:45','/p/about.html','171.209.100.221','四川省成都市','电信','四川省','成都市',510000),(605,NULL,'2018-08-29 17:35:30','/m.html','171.209.100.221','四川省成都市','电信','四川省','成都市',510000),(606,NULL,'2018-08-29 18:36:31','/','1.119.185.194','北京市','中电华通','北京市','北京市',110000),(607,NULL,'2018-08-29 18:36:47','/p/create360.html','1.119.185.194','北京市','中电华通','北京市','北京市',110000),(608,NULL,'2018-08-29 18:37:02','/p/community.html','1.119.185.194','北京市','中电华通','北京市','北京市',110000),(609,NULL,'2018-08-29 18:37:10','/p/panorama.html','1.119.185.194','北京市','中电华通','北京市','北京市',110000),(610,NULL,'2018-08-29 18:37:39','/p/panorama.html','112.35.34.29','北京市','移通','北京市','北京市',110000),(611,NULL,'2018-08-29 18:37:45','/p/community.html','112.35.34.29','北京市','移通','北京市','北京市',110000),(612,NULL,'2018-08-29 18:37:46','/p/panorama.html','112.35.34.29','北京市','移通','北京市','北京市',110000),(613,NULL,'2018-08-29 18:37:51','/p/panorama.html','112.35.34.29','北京市','移通','北京市','北京市',110000),(614,NULL,'2018-08-29 18:38:11','/p/panorama.html','112.35.34.29','北京市','移通','北京市','北京市',110000),(615,NULL,'2018-08-29 18:38:32','/p/panorama.html','112.35.34.29','北京市','移通','北京市','北京市',110000),(616,NULL,'2018-08-29 18:39:07','/p/panorama.html','112.35.34.29','北京市','移通','北京市','北京市',110000),(617,NULL,'2018-08-29 18:42:18','/p/panorama.html','112.35.34.29','北京市','移通','北京市','北京市',110000),(618,NULL,'2018-08-29 18:42:38','/p/panorama.html','112.35.34.29','北京市','移通','北京市','北京市',110000),(619,NULL,'2018-08-29 19:34:33','/p/statistics.html','182.132.132.177','四川省雅安市','电信','四川省','雅安市',510000),(620,NULL,'2018-08-29 19:38:12','/p/panorama.html','112.35.34.29','北京市','移通','北京市','北京市',110000),(621,NULL,'2018-08-29 19:38:56','/p/panorama.html','112.35.34.29','北京市','移通','北京市','北京市',110000),(622,NULL,'2018-08-29 19:43:02','/p/panorama.html','112.35.34.29','北京市','移通','北京市','北京市',110000),(623,NULL,'2018-08-29 19:49:18','/p/create360.html','182.132.132.177','四川省雅安市','电信','四川省','雅安市',510000),(624,NULL,'2018-08-29 19:50:11','/p/about.html','182.132.132.177','四川省雅安市','电信','四川省','雅安市',510000),(625,NULL,'2018-08-29 19:50:20','/index.html','182.132.132.177','四川省雅安市','电信','四川省','雅安市',510000),(626,NULL,'2018-08-29 19:50:27','/p/panorama.html','112.35.34.29','北京市','移通','北京市','北京市',110000),(627,NULL,'2018-08-29 19:50:37','/p/about.html','182.132.132.177','四川省雅安市','电信','四川省','雅安市',510000),(628,NULL,'2018-08-29 19:51:00','/p/personpage.html','182.132.132.177','四川省雅安市','电信','四川省','雅安市',510000),(629,NULL,'2018-08-29 19:51:04','/p/create360.html','182.132.132.177','四川省雅安市','电信','四川省','雅安市',510000),(630,NULL,'2018-08-29 19:52:02','/p/personpage.html','182.132.132.177','四川省雅安市','电信','四川省','雅安市',510000),(631,NULL,'2018-08-29 19:52:06','/p/personpage.html','182.132.132.177','四川省雅安市','电信','四川省','雅安市',510000),(632,NULL,'2018-08-29 19:52:13','/p/community.html','182.132.132.177','四川省雅安市','电信','四川省','雅安市',510000),(633,NULL,'2018-08-29 19:52:30','/p/create360.html','182.132.132.177','四川省雅安市','电信','四川省','雅安市',510000),(634,NULL,'2018-08-29 19:58:29','/p/panorama.html','182.132.132.177','四川省雅安市','电信','四川省','雅安市',510000),(635,NULL,'2018-08-29 19:59:17','/p/community.html','182.132.132.177','四川省雅安市','电信','四川省','雅安市',510000),(636,NULL,'2018-08-29 19:59:23','/p/statistics.html','182.132.132.177','四川省雅安市','电信','四川省','雅安市',510000),(637,NULL,'2018-08-29 20:19:23','/','182.132.132.177','四川省雅安市','电信','四川省','雅安市',510000),(638,NULL,'2018-08-29 20:19:28','/p/about.html','182.132.132.177','四川省雅安市','电信','四川省','雅安市',510000),(639,NULL,'2018-08-29 20:35:34','/p/statistics.html','111.206.221.49','北京市','联通','北京市','北京市',110000),(640,NULL,'2018-08-29 20:35:37','/p/statistics.html','111.206.221.49','北京市','联通','北京市','北京市',110000),(641,NULL,'2018-08-30 09:10:43','/','182.132.132.227','四川省雅安市','电信','四川省','雅安市',510000),(642,NULL,'2018-08-30 09:10:49','/p/learning.html','182.132.132.227','四川省雅安市','电信','四川省','雅安市',510000),(643,NULL,'2018-08-30 09:10:56','/p/learning.html','182.132.132.227','四川省雅安市','电信','四川省','雅安市',510000),(644,NULL,'2018-08-30 09:18:26','/p/personpage.html','182.132.132.227','四川省雅安市','电信','四川省','雅安市',510000),(645,NULL,'2018-08-30 09:18:44','/p/personpage.html','182.132.132.227','四川省雅安市','电信','四川省','雅安市',510000),(646,NULL,'2018-08-30 09:19:01','/p/personpage.html','182.132.132.227','四川省雅安市','电信','四川省','雅安市',510000),(647,NULL,'2018-08-30 09:19:08','/p/personpage.html','182.132.132.227','四川省雅安市','电信','四川省','雅安市',510000),(648,NULL,'2018-08-30 09:22:15','/p/personpage.html','182.132.132.227','四川省雅安市','电信','四川省','雅安市',510000),(649,NULL,'2018-08-30 09:22:24','/p/personpage.html','182.132.132.227','四川省雅安市','电信','四川省','雅安市',510000),(650,NULL,'2018-08-30 09:31:26','/p/personpage.html','182.132.132.227','四川省雅安市','电信','四川省','雅安市',510000),(651,NULL,'2018-08-30 09:31:35','/p/personpage.html','182.132.132.227','四川省雅安市','电信','四川省','雅安市',510000),(652,NULL,'2018-08-30 10:19:58','/p/personpage.html','182.132.132.227','四川省雅安市','电信','四川省','雅安市',510000),(653,NULL,'2018-08-30 10:20:20','/p/personpage.html','182.132.132.227','四川省雅安市','电信','四川省','雅安市',510000),(654,NULL,'2018-08-30 10:20:27','/p/personpage.html','182.132.132.227','四川省雅安市','电信','四川省','雅安市',510000),(655,NULL,'2018-08-30 10:21:50','/p/personpage.html','182.132.132.227','四川省雅安市','电信','四川省','雅安市',510000),(656,NULL,'2018-08-30 10:21:55','/p/personpage.html','182.132.132.227','四川省雅安市','电信','四川省','雅安市',510000),(657,NULL,'2018-08-30 10:25:07','/p/personpage.html','182.132.132.227','四川省雅安市','电信','四川省','雅安市',510000),(658,NULL,'2018-08-30 10:25:35','/p/panorama.html','182.132.132.227','四川省雅安市','电信','四川省','雅安市',510000),(659,NULL,'2018-08-30 10:25:40','/p/personpage.html','182.132.132.227','四川省雅安市','电信','四川省','雅安市',510000),(660,NULL,'2018-08-30 10:34:36','/p/personpage.html','182.132.132.227','四川省雅安市','电信','四川省','雅安市',510000),(661,NULL,'2018-08-30 10:54:25','/p/personpage.html','182.132.132.227','四川省雅安市','电信','四川省','雅安市',510000),(662,NULL,'2018-08-30 11:04:14','/p/personpage.html','182.132.132.227','四川省雅安市','电信','四川省','雅安市',510000),(663,NULL,'2018-08-30 11:04:28','/p/personpage.html','182.132.132.227','四川省雅安市','电信','四川省','雅安市',510000),(664,NULL,'2018-08-30 11:04:39','/p/personpage.html','182.132.132.227','四川省雅安市','电信','四川省','雅安市',510000),(665,NULL,'2018-08-30 11:06:30','/p/personpage.html','182.132.132.227','四川省雅安市','电信','四川省','雅安市',510000),(666,NULL,'2018-08-30 11:06:38','/p/personpage.html','182.132.132.227','四川省雅安市','电信','四川省','雅安市',510000),(667,NULL,'2018-08-30 11:14:03','/p/personpage.html','182.132.132.227','四川省雅安市','电信','四川省','雅安市',510000),(668,NULL,'2018-08-30 11:14:10','/p/personpage.html','182.132.132.227','四川省雅安市','电信','四川省','雅安市',510000),(669,NULL,'2018-08-30 11:15:44','/p/personpage.html','182.132.132.227','四川省雅安市','电信','四川省','雅安市',510000),(670,NULL,'2018-08-30 11:15:51','/p/personpage.html','182.132.132.227','四川省雅安市','电信','四川省','雅安市',510000),(671,NULL,'2018-08-30 11:23:32','/p/personpage.html','182.132.132.227','四川省雅安市','电信','四川省','雅安市',510000),(672,NULL,'2018-08-30 11:23:42','/p/personpage.html','182.132.132.227','四川省雅安市','电信','四川省','雅安市',510000),(673,NULL,'2018-08-30 11:24:30','/p/personpage.html','182.132.132.227','四川省雅安市','电信','四川省','雅安市',510000),(674,NULL,'2018-08-30 11:24:36','/p/personpage.html','182.132.132.227','四川省雅安市','电信','四川省','雅安市',510000),(675,NULL,'2018-08-30 11:25:38','/p/personpage.html','182.132.132.227','四川省雅安市','电信','四川省','雅安市',510000),(676,NULL,'2018-08-30 11:25:44','/p/personpage.html','182.132.132.227','四川省雅安市','电信','四川省','雅安市',510000),(677,NULL,'2018-08-30 11:27:27','/p/personpage.html','182.132.132.227','四川省雅安市','电信','四川省','雅安市',510000),(678,NULL,'2018-08-30 11:27:33','/p/personpage.html','182.132.132.227','四川省雅安市','电信','四川省','雅安市',510000),(679,NULL,'2018-08-30 11:27:37','/p/personpage.html','182.132.132.227','四川省雅安市','电信','四川省','雅安市',510000),(680,NULL,'2018-08-30 11:27:43','/p/personpage.html','182.132.132.227','四川省雅安市','电信','四川省','雅安市',510000),(681,NULL,'2018-08-30 11:28:27','/p/personpage.html','182.132.132.227','四川省雅安市','电信','四川省','雅安市',510000),(682,NULL,'2018-08-30 11:30:01','/p/personpage.html','182.132.132.227','四川省雅安市','电信','四川省','雅安市',510000),(683,NULL,'2018-08-30 11:42:31','/p/personpage.html','182.132.132.227','四川省雅安市','电信','四川省','雅安市',510000),(684,NULL,'2018-08-30 11:44:55','/p/personpage.html','182.132.132.227','四川省雅安市','电信','四川省','雅安市',510000),(685,NULL,'2018-08-30 11:45:12','/p/personpage.html','182.132.132.227','四川省雅安市','电信','四川省','雅安市',510000),(686,NULL,'2018-08-30 11:45:18','/p/personpage.html','182.132.132.227','四川省雅安市','电信','四川省','雅安市',510000),(687,NULL,'2018-08-30 11:51:40','/p/personpage.html','182.132.132.227','四川省雅安市','电信','四川省','雅安市',510000),(688,NULL,'2018-08-30 11:51:46','/p/personpage.html','182.132.132.227','四川省雅安市','电信','四川省','雅安市',510000),(689,NULL,'2018-08-30 11:51:54','/p/personpage.html','182.132.132.227','四川省雅安市','电信','四川省','雅安市',510000),(690,NULL,'2018-08-30 11:54:03','/p/personpage.html','182.132.132.227','四川省雅安市','电信','四川省','雅安市',510000),(691,NULL,'2018-08-30 11:54:10','/p/personpage.html','182.132.132.227','四川省雅安市','电信','四川省','雅安市',510000),(692,NULL,'2018-08-30 12:08:14','/','182.132.132.227','四川省雅安市','电信','四川省','雅安市',510000),(693,NULL,'2018-08-30 12:08:17','/p/about.html','182.132.132.227','四川省雅安市','电信','四川省','雅安市',510000),(694,NULL,'2018-08-30 12:08:18','/p/personpage.html','182.132.132.227','四川省雅安市','电信','四川省','雅安市',510000),(695,NULL,'2018-08-30 12:08:27','/p/personpage.html','182.132.132.227','四川省雅安市','电信','四川省','雅安市',510000),(696,NULL,'2018-08-30 12:12:07','/p/personpage.html','182.132.132.227','四川省雅安市','电信','四川省','雅安市',510000),(697,NULL,'2018-08-30 12:12:13','/p/personpage.html','182.132.132.227','四川省雅安市','电信','四川省','雅安市',510000),(698,NULL,'2018-08-30 12:14:01','/p/personpage.html','182.132.132.227','四川省雅安市','电信','四川省','雅安市',510000),(699,NULL,'2018-08-30 12:14:11','/p/personpage.html','182.132.132.227','四川省雅安市','电信','四川省','雅安市',510000),(700,NULL,'2018-08-30 12:15:23','/p/personpage.html','182.132.132.227','四川省雅安市','电信','四川省','雅安市',510000),(701,NULL,'2018-08-30 12:15:30','/p/personpage.html','182.132.132.227','四川省雅安市','电信','四川省','雅安市',510000),(702,NULL,'2018-08-30 12:15:41','/p/message-board.html','182.132.132.227','四川省雅安市','电信','四川省','雅安市',510000),(703,NULL,'2018-08-30 12:15:48','/p/create360.html','182.132.132.227','四川省雅安市','电信','四川省','雅安市',510000),(704,NULL,'2018-08-30 12:15:51','/p/community.html','182.132.132.227','四川省雅安市','电信','四川省','雅安市',510000),(705,NULL,'2018-08-30 12:15:53','/p/panorama.html','182.132.132.227','四川省雅安市','电信','四川省','雅安市',510000),(706,NULL,'2018-08-30 12:16:02','/p/personpage.html','182.132.132.227','四川省雅安市','电信','四川省','雅安市',510000),(707,NULL,'2018-08-30 12:16:18','/p/personpage.html','182.132.132.227','四川省雅安市','电信','四川省','雅安市',510000),(708,NULL,'2018-08-30 12:16:20','/p/community.html','182.132.132.227','四川省雅安市','电信','四川省','雅安市',510000),(709,NULL,'2018-08-30 12:16:22','/p/personpage.html','182.132.132.227','四川省雅安市','电信','四川省','雅安市',510000),(710,NULL,'2018-08-30 12:16:27','/p/learning.html','182.132.132.227','四川省雅安市','电信','四川省','雅安市',510000),(711,NULL,'2018-08-30 12:16:28','/p/community.html','182.132.132.227','四川省雅安市','电信','四川省','雅安市',510000),(712,NULL,'2018-08-30 12:16:30','/p/personpage.html','182.132.132.227','四川省雅安市','电信','四川省','雅安市',510000),(713,NULL,'2018-08-30 12:16:32','/p/statistics.html','182.132.132.227','四川省雅安市','电信','四川省','雅安市',510000),(714,NULL,'2018-08-30 12:16:43','/p/learning.html','182.132.132.227','四川省雅安市','电信','四川省','雅安市',510000),(715,NULL,'2018-08-30 12:16:45','/p/personpage.html','182.132.132.227','四川省雅安市','电信','四川省','雅安市',510000),(716,NULL,'2018-08-30 12:18:53','/p/personpage.html','182.132.132.227','四川省雅安市','电信','四川省','雅安市',510000),(717,NULL,'2018-08-30 12:19:01','/p/personpage.html','182.132.132.227','四川省雅安市','电信','四川省','雅安市',510000),(718,NULL,'2018-08-30 12:19:06','/p/panorama.html','182.132.132.227','四川省雅安市','电信','四川省','雅安市',510000),(719,NULL,'2018-08-30 12:19:34','/p/personpage.html','182.132.132.227','四川省雅安市','电信','四川省','雅安市',510000),(720,NULL,'2018-08-30 13:03:09','/p/about.html','182.132.132.227','四川省雅安市','电信','四川省','雅安市',510000),(721,NULL,'2018-08-30 13:04:19','/p/personpage.html','182.132.132.227','四川省雅安市','电信','四川省','雅安市',510000),(722,NULL,'2018-08-30 13:04:53','/p/personpage.html','182.132.132.227','四川省雅安市','电信','四川省','雅安市',510000),(723,NULL,'2018-08-30 13:07:26','/p/personpage.html','182.132.132.227','四川省雅安市','电信','四川省','雅安市',510000),(724,NULL,'2018-08-30 13:07:38','/p/personpage.html','182.132.132.227','四川省雅安市','电信','四川省','雅安市',510000),(725,NULL,'2018-08-30 13:08:20','/p/personpage.html','182.132.132.227','四川省雅安市','电信','四川省','雅安市',510000),(726,NULL,'2018-08-30 13:20:47','/p/personpage.html','182.132.132.227','四川省雅安市','电信','四川省','雅安市',510000),(727,NULL,'2018-08-30 13:22:54','/p/personpage.html','182.132.132.227','四川省雅安市','电信','四川省','雅安市',510000),(728,NULL,'2018-08-30 13:23:21','/p/personpage.html','182.132.132.227','四川省雅安市','电信','四川省','雅安市',510000),(729,NULL,'2018-08-30 13:24:08','/','182.132.132.227','四川省雅安市','电信','四川省','雅安市',510000),(730,NULL,'2018-08-30 13:24:11','/p/create360.html','182.132.132.227','四川省雅安市','电信','四川省','雅安市',510000),(731,NULL,'2018-08-30 13:24:20','/p/create360.html','182.132.132.227','四川省雅安市','电信','四川省','雅安市',510000),(732,NULL,'2018-08-30 13:24:31','/p/personpage.html','182.132.132.227','四川省雅安市','电信','四川省','雅安市',510000),(733,NULL,'2018-08-30 13:28:40','/p/learning.html','182.132.132.227','四川省雅安市','电信','四川省','雅安市',510000),(734,NULL,'2018-08-30 16:15:02','/p/personpage.html','182.132.132.219','四川省雅安市','电信','四川省','雅安市',510000),(735,NULL,'2018-08-30 16:16:08','/p/personpage.html','182.132.132.219','四川省雅安市','电信','四川省','雅安市',510000),(736,NULL,'2018-08-30 16:18:43','/m.html','182.132.132.219','四川省雅安市','电信','四川省','雅安市',510000),(737,NULL,'2018-08-30 16:19:15','/p/message-board.html','182.132.132.219','四川省雅安市','电信','四川省','雅安市',510000),(738,NULL,'2018-08-30 17:07:08','/p/about.html','182.132.132.219','四川省雅安市','电信','四川省','雅安市',510000),(739,NULL,'2018-08-30 17:08:32','/p/about.html','182.132.132.219','四川省雅安市','电信','四川省','雅安市',510000),(740,NULL,'2018-08-30 17:09:21','/p/about.html','182.132.132.219','四川省雅安市','电信','四川省','雅安市',510000),(741,NULL,'2018-08-30 17:09:21','/p/about.html','182.132.132.219','四川省雅安市','电信','四川省','雅安市',510000),(742,NULL,'2018-08-30 17:09:36','/p/panorama.html','182.132.132.219','四川省雅安市','电信','四川省','雅安市',510000),(743,NULL,'2018-08-30 17:09:33','/p/community.html','182.132.132.219','四川省雅安市','电信','四川省','雅安市',510000),(744,NULL,'2018-08-30 21:48:45','/','182.132.132.218','四川省雅安市','电信','四川省','雅安市',510000),(745,NULL,'2018-08-30 21:49:07','/p/message-board.html','182.132.132.218','四川省雅安市','电信','四川省','雅安市',510000),(746,NULL,'2018-08-30 21:49:19','/p/community.html','182.132.132.218','四川省雅安市','电信','四川省','雅安市',510000),(747,NULL,'2018-08-30 22:31:54','/p/panorama.html','182.132.132.218','四川省雅安市','电信','四川省','雅安市',510000),(748,NULL,'2018-08-30 22:31:57','/p/personpage.html','182.132.132.218','四川省雅安市','电信','四川省','雅安市',510000),(749,NULL,'2018-08-30 22:32:06','/p/people.html','182.132.132.218','四川省雅安市','电信','四川省','雅安市',510000),(750,NULL,'2018-08-30 23:00:31','/p/people.html','182.132.132.218','四川省雅安市','电信','四川省','雅安市',510000),(751,NULL,'2018-08-30 23:01:18','/p/people.html','182.132.132.218','四川省雅安市','电信','四川省','雅安市',510000),(752,NULL,'2018-08-30 23:01:39','/p/personpage.html','182.132.132.218','四川省雅安市','电信','四川省','雅安市',510000),(753,NULL,'2018-08-30 23:01:47','/p/personpage.html','182.132.132.218','四川省雅安市','电信','四川省','雅安市',510000),(754,NULL,'2018-08-30 23:01:56','/p/personpage.html','182.132.132.218','四川省雅安市','电信','四川省','雅安市',510000),(755,NULL,'2018-08-30 23:12:51','/p/people.html','182.132.132.218','四川省雅安市','电信','四川省','雅安市',510000),(756,NULL,'2018-08-30 23:41:27','/p/people.html','182.132.132.218','四川省雅安市','电信','四川省','雅安市',510000),(757,NULL,'2018-08-30 23:46:28','/p/people.html','182.132.132.218','四川省雅安市','电信','四川省','雅安市',510000),(758,NULL,'2018-08-30 23:48:17','/p/people.html','182.132.132.218','四川省雅安市','电信','四川省','雅安市',510000),(759,NULL,'2018-08-31 00:01:46','/p/people.html','182.132.132.218','四川省雅安市','电信','四川省','雅安市',510000),(760,NULL,'2018-08-31 00:02:18','/p/people.html','182.132.132.218','四川省雅安市','电信','四川省','雅安市',510000),(761,NULL,'2018-08-31 00:04:56','/p/people.html','182.132.132.218','四川省雅安市','电信','四川省','雅安市',510000),(762,NULL,'2018-08-31 00:06:12','/p/people.html','182.132.132.218','四川省雅安市','电信','四川省','雅安市',510000),(763,NULL,'2018-08-31 00:15:05','/p/people.html','182.132.132.218','四川省雅安市','电信','四川省','雅安市',510000),(764,NULL,'2018-08-31 00:54:27','/p/panorama.html','182.132.132.218','四川省雅安市','电信','四川省','雅安市',510000),(765,NULL,'2018-08-31 00:54:31','/p/people.html','182.132.132.218','四川省雅安市','电信','四川省','雅安市',510000),(766,NULL,'2018-08-31 00:55:46','/p/people.html','182.132.132.218','四川省雅安市','电信','四川省','雅安市',510000),(767,NULL,'2018-08-31 00:56:05','/p/people.html','182.132.132.218','四川省雅安市','电信','四川省','雅安市',510000),(768,NULL,'2018-08-31 00:57:10','/p/people.html','182.132.132.218','四川省雅安市','电信','四川省','雅安市',510000),(769,NULL,'2018-08-31 00:59:16','/p/people.html','182.132.132.218','四川省雅安市','电信','四川省','雅安市',510000),(770,NULL,'2018-08-31 00:59:57','/p/people.html','182.132.132.218','四川省雅安市','电信','四川省','雅安市',510000),(771,NULL,'2018-08-31 01:02:23','/p/people.html','182.132.132.218','四川省雅安市','电信','四川省','雅安市',510000),(772,NULL,'2018-08-31 01:02:28','/p/community.html','182.132.132.218','四川省雅安市','电信','四川省','雅安市',510000),(773,NULL,'2018-08-31 01:02:32','/p/panorama.html','182.132.132.218','四川省雅安市','电信','四川省','雅安市',510000),(774,NULL,'2018-08-31 01:02:34','/p/people.html','182.132.132.218','四川省雅安市','电信','四川省','雅安市',510000),(775,NULL,'2018-08-31 01:02:50','/p/people.html','182.132.132.218','四川省雅安市','电信','四川省','雅安市',510000),(776,NULL,'2018-08-31 01:26:18','/p/people.html','182.132.132.218','四川省雅安市','电信','四川省','雅安市',510000),(777,NULL,'2018-08-31 01:26:28','/p/people.html','182.132.132.218','四川省雅安市','电信','四川省','雅安市',510000),(778,NULL,'2018-08-31 01:26:34','/p/people.html','182.132.132.218','四川省雅安市','电信','四川省','雅安市',510000),(779,NULL,'2018-08-31 01:27:48','/p/people.html','182.132.132.218','四川省雅安市','电信','四川省','雅安市',510000),(780,NULL,'2018-08-31 01:27:50','/p/people.html','182.132.132.218','四川省雅安市','电信','四川省','雅安市',510000),(781,NULL,'2018-08-31 01:28:03','/p/people.html','182.132.132.218','四川省雅安市','电信','四川省','雅安市',510000),(782,NULL,'2018-08-31 01:28:57','/p/community.html','182.132.132.218','四川省雅安市','电信','四川省','雅安市',510000),(783,NULL,'2018-08-31 01:29:02','/p/panorama.html','182.132.132.218','四川省雅安市','电信','四川省','雅安市',510000),(784,NULL,'2018-08-31 01:29:07','/p/people.html','182.132.132.218','四川省雅安市','电信','四川省','雅安市',510000),(785,NULL,'2018-08-31 01:29:28','/p/people.html','182.132.132.218','四川省雅安市','电信','四川省','雅安市',510000),(786,NULL,'2018-08-31 01:29:52','/p/people.html','182.132.132.218','四川省雅安市','电信','四川省','雅安市',510000),(787,NULL,'2018-08-31 01:30:02','/p/people.html','182.132.132.218','四川省雅安市','电信','四川省','雅安市',510000),(788,NULL,'2018-08-31 01:30:07','/p/people.html','182.132.132.218','四川省雅安市','电信','四川省','雅安市',510000),(789,NULL,'2018-08-31 01:32:23','/p/people.html','182.132.132.218','四川省雅安市','电信','四川省','雅安市',510000),(790,NULL,'2018-08-31 01:32:25','/p/people.html','182.132.132.218','四川省雅安市','电信','四川省','雅安市',510000),(791,NULL,'2018-08-31 01:32:39','/p/people.html','182.132.132.218','四川省雅安市','电信','四川省','雅安市',510000),(792,NULL,'2018-08-31 01:34:04','/p/people.html','182.132.132.218','四川省雅安市','电信','四川省','雅安市',510000),(793,NULL,'2018-08-31 01:34:09','/p/people.html','182.132.132.218','四川省雅安市','电信','四川省','雅安市',510000),(794,NULL,'2018-08-31 01:35:55','/p/people.html','182.132.132.218','四川省雅安市','电信','四川省','雅安市',510000),(795,NULL,'2018-08-31 01:36:05','/p/people.html','182.132.132.218','四川省雅安市','电信','四川省','雅安市',510000),(796,NULL,'2018-08-31 01:36:13','/p/people.html','182.132.132.218','四川省雅安市','电信','四川省','雅安市',510000),(797,NULL,'2018-08-31 01:36:22','/p/people.html','182.132.132.218','四川省雅安市','电信','四川省','雅安市',510000),(798,NULL,'2018-08-31 01:37:52','/p/people.html','182.132.132.218','四川省雅安市','电信','四川省','雅安市',510000),(799,NULL,'2018-08-31 01:44:01','/p/people.html','182.132.132.218','四川省雅安市','电信','四川省','雅安市',510000),(800,NULL,'2018-08-31 01:44:07','/p/people.html','182.132.132.218','四川省雅安市','电信','四川省','雅安市',510000),(801,NULL,'2018-08-31 01:44:17','/p/people.html','182.132.132.218','四川省雅安市','电信','四川省','雅安市',510000),(802,NULL,'2018-08-31 01:48:08','/p/people.html','182.132.132.218','四川省雅安市','电信','四川省','雅安市',510000),(803,NULL,'2018-08-31 01:48:19','/p/people.html','182.132.132.218','四川省雅安市','电信','四川省','雅安市',510000),(804,NULL,'2018-08-31 01:48:29','/p/people.html','182.132.132.218','四川省雅安市','电信','四川省','雅安市',510000),(805,NULL,'2018-08-31 01:50:42','/p/people.html','182.132.132.218','四川省雅安市','电信','四川省','雅安市',510000),(806,NULL,'2018-08-31 01:50:53','/p/people.html','182.132.132.218','四川省雅安市','电信','四川省','雅安市',510000),(807,NULL,'2018-08-31 01:54:57','/p/people.html','182.132.132.218','四川省雅安市','电信','四川省','雅安市',510000),(808,NULL,'2018-08-31 01:55:02','/p/people.html','182.132.132.218','四川省雅安市','电信','四川省','雅安市',510000),(809,NULL,'2018-08-31 01:55:05','/p/people.html','182.132.132.218','四川省雅安市','电信','四川省','雅安市',510000),(810,NULL,'2018-08-31 01:55:20','/p/people.html','182.132.132.218','四川省雅安市','电信','四川省','雅安市',510000),(811,NULL,'2018-08-31 01:58:41','/p/panorama.html','182.132.132.218','四川省雅安市','电信','四川省','雅安市',510000),(812,NULL,'2018-08-31 01:59:06','/p/people.html','182.132.132.218','四川省雅安市','电信','四川省','雅安市',510000),(813,NULL,'2018-08-31 01:59:15','/p/people.html','182.132.132.218','四川省雅安市','电信','四川省','雅安市',510000),(814,NULL,'2018-08-31 01:59:26','/p/people.html','182.132.132.218','四川省雅安市','电信','四川省','雅安市',510000),(815,NULL,'2018-08-31 02:01:46','/p/people.html','182.132.132.218','四川省雅安市','电信','四川省','雅安市',510000),(816,NULL,'2018-08-31 02:01:59','/p/people.html','182.132.132.218','四川省雅安市','电信','四川省','雅安市',510000),(817,NULL,'2018-08-31 02:05:09','/p/people.html','182.132.132.218','四川省雅安市','电信','四川省','雅安市',510000),(818,NULL,'2018-08-31 02:05:18','/p/people.html','182.132.132.218','四川省雅安市','电信','四川省','雅安市',510000),(819,NULL,'2018-08-31 02:06:34','/p/people.html','182.132.132.218','四川省雅安市','电信','四川省','雅安市',510000),(820,NULL,'2018-08-31 02:06:42','/p/people.html','182.132.132.218','四川省雅安市','电信','四川省','雅安市',510000),(821,NULL,'2018-08-31 02:08:29','/p/people.html','182.132.132.218','四川省雅安市','电信','四川省','雅安市',510000),(822,NULL,'2018-08-31 02:08:40','/p/people.html','182.132.132.218','四川省雅安市','电信','四川省','雅安市',510000),(823,NULL,'2018-08-31 02:11:36','/p/people.html','182.132.132.218','四川省雅安市','电信','四川省','雅安市',510000),(824,NULL,'2018-08-31 02:11:45','/p/people.html','182.132.132.218','四川省雅安市','电信','四川省','雅安市',510000),(825,NULL,'2018-08-31 20:03:45','/','182.132.132.105','四川省雅安市','电信','四川省','雅安市',510000),(826,NULL,'2018-08-31 20:03:50','/p/create360.html','182.132.132.105','四川省雅安市','电信','四川省','雅安市',510000),(827,NULL,'2018-08-31 20:03:53','/p/community.html','182.132.132.105','四川省雅安市','电信','四川省','雅安市',510000),(828,NULL,'2018-08-31 20:03:57','/p/panorama.html','182.132.132.105','四川省雅安市','电信','四川省','雅安市',510000),(829,NULL,'2018-08-31 20:04:28','/p/people.html','182.132.132.105','四川省雅安市','电信','四川省','雅安市',510000),(830,NULL,'2018-08-31 20:04:38','/p/people.html','182.132.132.105','四川省雅安市','电信','四川省','雅安市',510000),(831,NULL,'2018-08-31 20:09:28','/p/people.html','182.132.132.105','四川省雅安市','电信','四川省','雅安市',510000),(832,NULL,'2018-08-31 20:09:32','/p/people.html','182.132.132.105','四川省雅安市','电信','四川省','雅安市',510000),(833,NULL,'2018-08-31 20:09:41','/p/people.html','182.132.132.105','四川省雅安市','电信','四川省','雅安市',510000),(834,NULL,'2018-08-31 20:09:46','/p/people.html','182.132.132.105','四川省雅安市','电信','四川省','雅安市',510000),(835,NULL,'2018-08-31 20:09:47','/p/people.html','182.132.132.105','四川省雅安市','电信','四川省','雅安市',510000),(836,NULL,'2018-08-31 20:10:58','/p/people.html','182.132.132.105','四川省雅安市','电信','四川省','雅安市',510000),(837,NULL,'2018-08-31 20:11:38','/p/personpage.html','182.132.132.105','四川省雅安市','电信','四川省','雅安市',510000),(838,NULL,'2018-08-31 20:12:06','/p/personpage.html','182.132.132.105','四川省雅安市','电信','四川省','雅安市',510000),(839,NULL,'2018-08-31 21:45:05','/p/personpage.html','182.132.132.105','四川省雅安市','电信','四川省','雅安市',510000),(840,NULL,'2018-08-31 21:45:42','/p/personpage.html','182.132.132.105','四川省雅安市','电信','四川省','雅安市',510000),(841,NULL,'2018-08-31 22:23:50','/p/personpage.html','182.132.132.105','四川省雅安市','电信','四川省','雅安市',510000),(842,NULL,'2018-08-31 22:24:00','/p/personpage.html','182.132.132.105','四川省雅安市','电信','四川省','雅安市',510000),(843,NULL,'2018-08-31 22:24:23','/p/personpage.html','182.132.132.105','四川省雅安市','电信','四川省','雅安市',510000),(844,NULL,'2018-08-31 22:37:26','/p/personpage.html','182.132.132.105','四川省雅安市','电信','四川省','雅安市',510000),(845,NULL,'2018-08-31 22:37:32','/p/personpage.html','182.132.132.105','四川省雅安市','电信','四川省','雅安市',510000),(846,NULL,'2018-08-31 22:42:28','/p/personpage.html','182.132.132.105','四川省雅安市','电信','四川省','雅安市',510000),(847,NULL,'2018-08-31 22:42:43','/p/personpage.html','182.132.132.105','四川省雅安市','电信','四川省','雅安市',510000),(848,NULL,'2018-08-31 22:42:53','/p/people.html','182.132.132.105','四川省雅安市','电信','四川省','雅安市',510000),(849,NULL,'2018-08-31 22:43:01','/p/people.html','182.132.132.105','四川省雅安市','电信','四川省','雅安市',510000),(850,NULL,'2018-08-31 22:43:06','/p/personpage.html','182.132.132.105','四川省雅安市','电信','四川省','雅安市',510000),(851,NULL,'2018-08-31 23:06:14','/','182.132.132.105','四川省雅安市','电信','四川省','雅安市',510000),(852,NULL,'2018-08-31 23:06:18','/p/about.html','182.132.132.105','四川省雅安市','电信','四川省','雅安市',510000),(853,NULL,'2018-08-31 23:06:19','/p/personpage.html','182.132.132.105','四川省雅安市','电信','四川省','雅安市',510000),(854,NULL,'2018-08-31 23:06:30','/p/community.html','182.132.132.105','四川省雅安市','电信','四川省','雅安市',510000),(855,NULL,'2018-08-31 23:06:37','/p/panorama.html','182.132.132.105','四川省雅安市','电信','四川省','雅安市',510000),(856,NULL,'2018-08-31 23:06:41','/p/people.html','182.132.132.105','四川省雅安市','电信','四川省','雅安市',510000),(857,NULL,'2018-08-31 23:28:01','/','182.132.132.105','四川省雅安市','电信','四川省','雅安市',510000),(858,NULL,'2018-08-31 23:28:09','/p/about.html','182.132.132.105','四川省雅安市','电信','四川省','雅安市',510000),(859,NULL,'2018-08-31 23:28:10','/p/personpage.html','182.132.132.105','四川省雅安市','电信','四川省','雅安市',510000),(860,NULL,'2018-08-31 23:28:16','/p/personpage.html','182.132.132.105','四川省雅安市','电信','四川省','雅安市',510000),(861,NULL,'2018-08-31 23:28:22','/p/community.html','182.132.132.105','四川省雅安市','电信','四川省','雅安市',510000),(862,NULL,'2018-08-31 23:28:26','/p/panorama.html','182.132.132.105','四川省雅安市','电信','四川省','雅安市',510000),(863,NULL,'2018-08-31 23:28:28','/p/people.html','182.132.132.105','四川省雅安市','电信','四川省','雅安市',510000),(864,NULL,'2018-08-31 23:28:31','/p/personpage.html','182.132.132.105','四川省雅安市','电信','四川省','雅安市',510000),(865,NULL,'2018-09-01 17:04:10','/p/panorama.html','182.132.132.138','四川省雅安市','电信','四川省','雅安市',510000),(866,NULL,'2018-09-01 17:04:30','/p/panorama.html','182.132.132.138','四川省雅安市','电信','四川省','雅安市',510000),(867,NULL,'2018-09-01 17:05:42','/p/panorama.html','182.132.132.138','四川省雅安市','电信','四川省','雅安市',510000),(868,NULL,'2018-09-01 17:17:27','/p/panorama.html','182.132.132.138','四川省雅安市','电信','四川省','雅安市',510000),(869,NULL,'2018-09-01 17:17:44','/p/panorama.html','182.132.132.138','四川省雅安市','电信','四川省','雅安市',510000),(870,NULL,'2018-09-01 17:17:45','/p/panorama.html','182.132.132.138','四川省雅安市','电信','四川省','雅安市',510000),(871,NULL,'2018-09-01 17:18:24','/p/panorama.html','182.132.132.138','四川省雅安市','电信','四川省','雅安市',510000),(872,NULL,'2018-09-01 17:18:24','/p/panorama.html','182.132.132.138','四川省雅安市','电信','四川省','雅安市',510000),(873,NULL,'2018-09-01 17:25:00','/p/panorama.html','182.132.132.138','四川省雅安市','电信','四川省','雅安市',510000),(874,NULL,'2018-09-01 17:25:00','/p/panorama.html','182.132.132.138','四川省雅安市','电信','四川省','雅安市',510000),(875,NULL,'2018-09-01 17:34:54','/p/panorama.html','182.132.132.138','四川省雅安市','电信','四川省','雅安市',510000),(876,NULL,'2018-09-01 17:34:54','/p/panorama.html','182.132.132.138','四川省雅安市','电信','四川省','雅安市',510000),(877,NULL,'2018-09-01 17:40:41','/p/panorama.html','182.132.132.138','四川省雅安市','电信','四川省','雅安市',510000),(878,NULL,'2018-09-01 17:40:41','/p/panorama.html','182.132.132.138','四川省雅安市','电信','四川省','雅安市',510000),(879,NULL,'2018-09-01 17:45:58','/p/panorama.html','182.132.132.138','四川省雅安市','电信','四川省','雅安市',510000),(880,NULL,'2018-09-01 17:45:58','/p/panorama.html','182.132.132.138','四川省雅安市','电信','四川省','雅安市',510000),(881,NULL,'2018-09-01 17:47:06','/p/panorama.html','182.132.132.138','四川省雅安市','电信','四川省','雅安市',510000),(882,NULL,'2018-09-01 17:47:06','/p/panorama.html','182.132.132.138','四川省雅安市','电信','四川省','雅安市',510000),(883,NULL,'2018-09-01 17:48:17','/p/panorama.html','182.132.132.138','四川省雅安市','电信','四川省','雅安市',510000),(884,NULL,'2018-09-01 17:48:17','/p/panorama.html','182.132.132.138','四川省雅安市','电信','四川省','雅安市',510000),(885,NULL,'2018-09-01 18:01:10','/p/panorama.html','182.132.132.138','四川省雅安市','电信','四川省','雅安市',510000),(886,NULL,'2018-09-01 18:01:10','/p/panorama.html','182.132.132.138','四川省雅安市','电信','四川省','雅安市',510000),(887,NULL,'2018-09-01 18:02:24','/p/panorama.html','182.132.132.138','四川省雅安市','电信','四川省','雅安市',510000),(888,NULL,'2018-09-01 18:02:23','/p/panorama.html','182.132.132.138','四川省雅安市','电信','四川省','雅安市',510000),(889,NULL,'2018-09-01 18:04:18','/p/panorama.html','182.132.132.138','四川省雅安市','电信','四川省','雅安市',510000),(890,NULL,'2018-09-01 18:04:18','/p/panorama.html','182.132.132.138','四川省雅安市','电信','四川省','雅安市',510000),(891,NULL,'2018-09-01 18:05:12','/p/panorama.html','182.132.132.138','四川省雅安市','电信','四川省','雅安市',510000),(892,NULL,'2018-09-01 18:05:12','/p/panorama.html','182.132.132.138','四川省雅安市','电信','四川省','雅安市',510000),(893,NULL,'2018-09-01 18:08:06','/p/panorama.html','182.132.132.138','四川省雅安市','电信','四川省','雅安市',510000),(894,NULL,'2018-09-01 18:08:06','/p/panorama.html','182.132.132.138','四川省雅安市','电信','四川省','雅安市',510000),(895,NULL,'2018-09-02 00:14:41','/','182.132.132.138','四川省雅安市','电信','四川省','雅安市',510000),(896,NULL,'2018-09-02 00:14:50','/p/statistics.html','182.132.132.138','四川省雅安市','电信','四川省','雅安市',510000),(897,NULL,'2018-09-02 00:15:04','/p/message-board.html','182.132.132.138','四川省雅安市','电信','四川省','雅安市',510000),(898,NULL,'2018-09-02 00:15:45','/p/message-board.html','182.132.132.138','四川省雅安市','电信','四川省','雅安市',510000),(899,NULL,'2018-09-02 00:15:50','/p/community.html','182.132.132.138','四川省雅安市','电信','四川省','雅安市',510000),(900,NULL,'2018-09-02 00:15:53','/p/panorama.html','182.132.132.138','四川省雅安市','电信','四川省','雅安市',510000),(901,NULL,'2018-09-02 00:16:18','/p/people.html','182.132.132.138','四川省雅安市','电信','四川省','雅安市',510000),(902,NULL,'2018-09-02 11:40:44','/index.html','182.132.132.227','四川省雅安市','电信','四川省','雅安市',510000),(903,NULL,'2018-09-02 11:42:54','/index.html','182.132.132.227','四川省雅安市','电信','四川省','雅安市',510000),(904,NULL,'2018-09-02 11:42:58','/p/community.html','182.132.132.227','四川省雅安市','电信','四川省','雅安市',510000),(905,NULL,'2018-09-02 11:43:03','/p/learning.html','182.132.132.227','四川省雅安市','电信','四川省','雅安市',510000),(906,NULL,'2018-09-02 11:43:05','/p/create360.html','182.132.132.227','四川省雅安市','电信','四川省','雅安市',510000),(907,NULL,'2018-09-02 11:43:07','/p/statistics.html','182.132.132.227','四川省雅安市','电信','四川省','雅安市',510000),(908,NULL,'2018-09-02 11:43:10','/p/message-board.html','182.132.132.227','四川省雅安市','电信','四川省','雅安市',510000),(909,NULL,'2018-09-02 11:43:14','/p/about.html','182.132.132.227','四川省雅安市','电信','四川省','雅安市',510000),(910,NULL,'2018-09-02 11:59:28','/','182.132.132.227','四川省雅安市','电信','四川省','雅安市',510000),(911,NULL,'2018-09-02 11:59:35','/p/message-board.html','182.132.132.227','四川省雅安市','电信','四川省','雅安市',510000),(912,NULL,'2018-09-02 13:15:10','/','182.132.132.227','四川省雅安市','电信','四川省','雅安市',510000),(913,NULL,'2018-09-02 14:42:17','/p/people.html','182.132.132.227','四川省雅安市','电信','四川省','雅安市',510000),(914,NULL,'2018-09-02 22:24:33','/p/statistics.html','182.132.132.170','四川省雅安市','电信','四川省','雅安市',510000),(915,NULL,'2018-09-02 22:31:32','/p/statistics.html','182.132.132.170','四川省雅安市','电信','四川省','雅安市',510000),(916,NULL,'2018-09-02 22:33:03','/p/statistics.html','182.132.132.170','四川省雅安市','电信','四川省','雅安市',510000),(917,NULL,'2018-09-05 17:10:36','/','182.132.132.23','四川省雅安市','电信','四川省','雅安市',510000),(918,NULL,'2018-09-05 17:10:38','/p/statistics.html','182.132.132.23','四川省雅安市','电信','四川省','雅安市',510000),(919,NULL,'2018-09-08 23:10:20','/','182.132.132.164','四川省雅安市','电信','四川省','雅安市',510000),(920,NULL,'2018-09-09 15:55:31','/','182.132.132.23','四川省雅安市','电信','四川省','雅安市',510000),(921,NULL,'2018-09-09 16:00:15','/index.html','182.132.132.23','四川省雅安市','电信','四川省','雅安市',510000),(922,NULL,'2018-09-09 16:00:19','/p/learning.html','182.132.132.23','四川省雅安市','电信','四川省','雅安市',510000),(923,NULL,'2018-09-09 16:00:28','/p/learning.html','182.132.132.23','四川省雅安市','电信','四川省','雅安市',510000),(924,NULL,'2018-09-09 16:00:31','/p/personpage.html','182.132.132.23','四川省雅安市','电信','四川省','雅安市',510000),(925,NULL,'2018-09-09 16:48:58','/','182.132.132.23','四川省雅安市','电信','四川省','雅安市',510000),(926,NULL,'2018-09-09 16:49:00','/p/community.html','182.132.132.23','四川省雅安市','电信','四川省','雅安市',510000),(927,NULL,'2018-09-09 16:49:19','/p/community.html','182.132.132.23','四川省雅安市','电信','四川省','雅安市',510000),(928,NULL,'2018-09-09 16:49:29','/p/community.html','182.132.132.23','四川省雅安市','电信','四川省','雅安市',510000),(929,NULL,'2018-09-09 16:49:32','/p/create360.html','182.132.132.23','四川省雅安市','电信','四川省','雅安市',510000),(930,NULL,'2018-09-09 16:49:33','/p/create360bysix.html','182.132.132.23','四川省雅安市','电信','四川省','雅安市',510000),(931,NULL,'2018-09-09 16:51:44','/p/panorama.html','182.132.132.23','四川省雅安市','电信','四川省','雅安市',510000),(932,NULL,'2018-09-09 16:51:57','/p/community.html','182.132.132.23','四川省雅安市','电信','四川省','雅安市',510000),(933,NULL,'2018-09-09 16:51:59','/p/personpage.html','182.132.132.23','四川省雅安市','电信','四川省','雅安市',510000),(934,NULL,'2018-09-09 17:02:15','/p/personpage.html','182.132.132.23','四川省雅安市','电信','四川省','雅安市',510000),(935,NULL,'2018-09-09 17:02:22','/p/personpage.html','182.132.132.23','四川省雅安市','电信','四川省','雅安市',510000),(936,NULL,'2018-09-09 17:02:24','/p/create360.html','182.132.132.23','四川省雅安市','电信','四川省','雅安市',510000),(937,NULL,'2018-09-09 17:02:43','/p/panorama.html','182.132.132.23','四川省雅安市','电信','四川省','雅安市',510000),(938,NULL,'2018-09-13 09:33:57','/','182.132.132.168','四川省雅安市','电信','四川省','雅安市',510000),(939,NULL,'2018-09-13 09:34:00','/p/message-board.html','182.132.132.168','四川省雅安市','电信','四川省','雅安市',510000),(940,NULL,'2018-09-13 09:36:49','/p/message-board.html','182.132.132.168','四川省雅安市','电信','四川省','雅安市',510000),(941,NULL,'2018-09-13 09:38:13','/p/message-board.html','182.132.132.168','四川省雅安市','电信','四川省','雅安市',510000),(942,NULL,'2018-09-13 09:38:18','/p/statistics.html','182.132.132.168','四川省雅安市','电信','四川省','雅安市',510000),(943,NULL,'2018-09-13 09:41:15','/p/message-board.html','182.132.132.168','四川省雅安市','电信','四川省','雅安市',510000),(944,NULL,'2018-09-13 09:44:19','/p/message-board.html','182.132.132.168','四川省雅安市','电信','四川省','雅安市',510000),(945,NULL,'2018-09-13 09:44:44','/p/message-board.html','182.132.132.168','四川省雅安市','电信','四川省','雅安市',510000),(946,NULL,'2018-09-13 12:16:05','/p/people.html','182.132.132.168','四川省雅安市','电信','四川省','雅安市',510000),(947,NULL,'2018-09-13 12:16:11','/p/people.html','182.132.132.168','四川省雅安市','电信','四川省','雅安市',510000),(948,NULL,'2018-09-13 12:16:18','/p/people.html','182.132.132.168','四川省雅安市','电信','四川省','雅安市',510000),(949,NULL,'2018-09-13 12:16:26','/p/people.html','182.132.132.168','四川省雅安市','电信','四川省','雅安市',510000),(950,NULL,'2018-09-13 12:38:52','/','182.132.132.168','四川省雅安市','电信','四川省','雅安市',510000),(951,NULL,'2018-09-13 12:39:00','/p/create360.html','182.132.132.168','四川省雅安市','电信','四川省','雅安市',510000),(952,NULL,'2018-09-13 12:39:04','/p/create360bysix.html','182.132.132.168','四川省雅安市','电信','四川省','雅安市',510000),(953,NULL,'2018-09-13 12:39:08','/p/about.html','182.132.132.168','四川省雅安市','电信','四川省','雅安市',510000),(954,NULL,'2018-09-13 12:39:14','/p/message-board.html','182.132.132.168','四川省雅安市','电信','四川省','雅安市',510000),(955,NULL,'2018-09-13 12:39:19','/p/about.html','182.132.132.168','四川省雅安市','电信','四川省','雅安市',510000),(956,NULL,'2018-09-13 12:39:20','/p/statistics.html','182.132.132.168','四川省雅安市','电信','四川省','雅安市',510000),(957,NULL,'2018-09-26 10:09:42','/','218.6.135.168','四川省雅安市','四川农业大学','四川省','雅安市',510000),(958,NULL,'2018-09-26 10:09:44','/p/community.html','218.6.135.168','四川省雅安市','四川农业大学','四川省','雅安市',510000),(959,NULL,'2018-09-26 10:13:59','/p/about.html','218.6.135.168','四川省雅安市','四川农业大学','四川省','雅安市',510000),(960,NULL,'2018-09-26 10:15:32','/p/about.html','218.6.135.168','四川省雅安市','四川农业大学','四川省','雅安市',510000),(961,NULL,'2018-09-26 10:15:43','/p/learning.html','218.6.135.168','四川省雅安市','四川农业大学','四川省','雅安市',510000),(962,NULL,'2018-10-30 22:07:51','/','182.132.132.81','四川省雅安市','电信','四川省','雅安市',510000),(963,NULL,'2018-10-30 22:08:02','/','182.132.132.81','四川省雅安市','电信','四川省','雅安市',510000),(964,NULL,'2018-10-30 22:08:10','/p/community.html','182.132.132.81','四川省雅安市','电信','四川省','雅安市',510000),(965,NULL,'2018-10-30 22:08:38','/p/learning.html','182.132.132.81','四川省雅安市','电信','四川省','雅安市',510000),(966,NULL,'2018-10-30 22:08:45','/p/about.html','182.132.132.81','四川省雅安市','电信','四川省','雅安市',510000),(967,NULL,'2018-12-19 20:26:23','/','182.132.132.41','四川省雅安市','电信','四川省','雅安市',510000),(968,NULL,'2018-12-19 20:26:28','/p/statistics.html','182.132.132.41','四川省雅安市','电信','四川省','雅安市',510000),(969,NULL,'2018-12-19 20:26:41','/p/statistics.html','182.132.132.41','四川省雅安市','电信','四川省','雅安市',510000),(970,NULL,'2018-12-19 20:26:46','/p/statistics.html','182.132.132.41','四川省雅安市','电信','四川省','雅安市',510000),(971,NULL,'2019-03-21 10:17:06','/','127.0.0.1',NULL,NULL,NULL,NULL,NULL),(972,NULL,'2019-04-10 09:17:36','/','182.132.132.85','四川省雅安市','电信','四川省','雅安市',510000),(973,NULL,'2019-04-10 09:17:48','/p/statistics.html','182.132.132.85','四川省雅安市','电信','四川省','雅安市',510000),(974,NULL,'2019-04-10 09:18:03','/p/panorama.html','182.132.132.85','四川省雅安市','电信','四川省','雅安市',510000),(975,NULL,'2019-04-10 09:18:24','/p/community.html','182.132.132.85','四川省雅安市','电信','四川省','雅安市',510000);

/*Table structure for table `vrphoto_db` */

DROP TABLE IF EXISTS `vrphoto_db`;

CREATE TABLE `vrphoto_db` (
  `vrphoto_id` int(11) NOT NULL AUTO_INCREMENT COMMENT '主键id',
  `user_authentication_id` varchar(128) NOT NULL COMMENT '用户id，外键',
  `vrphoto_key` varchar(128) NOT NULL COMMENT '图片唯一识别约束',
  `vrphoto_type` varchar(16) NOT NULL COMMENT '图片类型',
  PRIMARY KEY (`vrphoto_id`),
  KEY `user_authentication_id` (`user_authentication_id`),
  KEY `vrphoto_type` (`vrphoto_type`),
  CONSTRAINT `vrphoto_db_ibfk_1` FOREIGN KEY (`user_authentication_id`) REFERENCES `user_db` (`user_authentication_id`) ON DELETE CASCADE ON UPDATE CASCADE,
  CONSTRAINT `vrphoto_db_ibfk_2` FOREIGN KEY (`vrphoto_type`) REFERENCES `photo_type_db` (`photo_type_name`) ON DELETE CASCADE ON UPDATE CASCADE
) ENGINE=InnoDB AUTO_INCREMENT=64 DEFAULT CHARSET=utf8;

/*Data for the table `vrphoto_db` */

insert  into `vrphoto_db`(`vrphoto_id`,`user_authentication_id`,`vrphoto_key`,`vrphoto_type`) values (24,'17321914392','vrphoto/5f6b20aa8bc949859606653b7124cbb5-17321914392-single.jpg','single'),(25,'17321914392','vrphoto/ddc41f8a07da4bc8bca3555ddf3e04a7-17321914392-single.jpg','single'),(26,'17321914392','vrphoto/aa754d30930a4dac946a52d9207b0c30-17321914392-single.jpg','single'),(27,'17321914392','vrphoto/2128463ae9354323aa07e6d16ebbe5d6-17321914392-single.jpg','single'),(28,'17321914392','vrphoto/1e879179f9c54236a24749e3fbc9af6b-17321914392-single.jpg','single'),(29,'17321914392','vrphoto/940ea439b9484ca8834400a8e04ecdcd-17321914392-single.jpg','single'),(30,'17321914392','vrphoto/56f245c2ca9f40a6ada4ca0563c0d15d-17321914392-single.jpg','single'),(31,'17321914392','vrphoto/7362e6f65ea84a5ab8c2fca8dfe59dd8-17321914392-single.jpg','single'),(32,'17321914392','vrphoto/6c0cf2ec2c54464f9814d0734ab14e94-17321914392-single.jpg','single'),(33,'17321914392','vrphoto/a16479c3c40e412293600443fc053394-17321914392-single.jpg','single'),(34,'17321914392','vrphoto/5e5de1a4e34e4b02814fe8a97e20a1a4-17321914392-single.jpg','single'),(35,'17321914392','vrphoto/c6c68711e4d649dd99c68ab761f06ff9-17321914392-single.jpg','single'),(36,'3718919977F76484EAF1E4C554CCB459','vrphoto/e025f737ca524cb792936c01d31498b9-3718919977F76484EAF1E4C554CCB459-single.jpg','single'),(37,'3718919977F76484EAF1E4C554CCB459','vrphoto/10d4f110318349388eafe4b2dc1a203b-3718919977F76484EAF1E4C554CCB459-single.jpg','single'),(38,'3718919977F76484EAF1E4C554CCB459','vrphoto/514d61116c4a46228bc177cb99f326c9-3718919977F76484EAF1E4C554CCB459-single.jpg','single'),(39,'3718919977F76484EAF1E4C554CCB459','vrphoto/3f8060d4f4994a329abadf86449f1056-3718919977F76484EAF1E4C554CCB459-single.jpg','single'),(40,'3718919977F76484EAF1E4C554CCB459','vrphoto/acc0c61d106f4584b8f754e1e9aa9e39-3718919977F76484EAF1E4C554CCB459-single.jpg','single'),(41,'3718919977F76484EAF1E4C554CCB459','vrphoto/ebb3e5315b8a4c2482257e921deaa052-3718919977F76484EAF1E4C554CCB459-single.jpg','single'),(42,'3718919977F76484EAF1E4C554CCB459','vrphoto/a9bef6dadf7e4807b619d588172db331-3718919977F76484EAF1E4C554CCB459-single.jpg','single'),(43,'3718919977F76484EAF1E4C554CCB459','vrphoto/d1985769a78948818a2008d7d3152710-3718919977F76484EAF1E4C554CCB459-single.jpg','single'),(44,'3718919977F76484EAF1E4C554CCB459','vrphoto/643aebd3b7bf4acd8604d597b79d4988-3718919977F76484EAF1E4C554CCB459-single.jpg','single'),(45,'17321914392','vrphoto/a200ad2d32ef4197904f2cb82bc90eee-17321914392-single.jpeg','single'),(46,'3718919977F76484EAF1E4C554CCB459','vrphoto/b75ccbd3c014461794ba4fb0844f3cc6-3718919977F76484EAF1E4C554CCB459-single.jpg','single'),(47,'3718919977F76484EAF1E4C554CCB459','vrphoto/589572af01a9466c89e457052c3a076f-3718919977F76484EAF1E4C554CCB459-single.jpg','single'),(48,'3718919977F76484EAF1E4C554CCB459','vrphoto/b5ae5492d6314083a34042f8588c2dc7-3718919977F76484EAF1E4C554CCB459-single.jpg','single'),(49,'3718919977F76484EAF1E4C554CCB459','vrphoto/7521cedc670a4ee4892bf6f3322819da-3718919977F76484EAF1E4C554CCB459-single.jpg','single'),(50,'3718919977F76484EAF1E4C554CCB459','vrphoto/53fd59d919544a039b51dbfa3bd9a194-3718919977F76484EAF1E4C554CCB459-single.jpg','single'),(51,'3718919977F76484EAF1E4C554CCB459','vrphoto/f3d160c16f4c4649b15acf12f558a1c6-3718919977F76484EAF1E4C554CCB459-single.jpg','single'),(52,'8E49A2F1CC33BFDC3AFB265C114A288B','vrphoto/08a08ba5a2404b708da93a1dfb87f382-8E49A2F1CC33BFDC3AFB265C114A288B-single.jpg','single'),(53,'3718919977F76484EAF1E4C554CCB459','vrphoto/802a0b62fea84239b6069719d939b428-3718919977F76484EAF1E4C554CCB459-single.jpg','single'),(54,'3718919977F76484EAF1E4C554CCB459','vrphoto/75e9184966c74c2497efc4c8edd1dcbe-3718919977F76484EAF1E4C554CCB459-single.jpg','single'),(55,'3718919977F76484EAF1E4C554CCB459','vrphoto/8a2c1168b5494716890b0c06fb23121e-3718919977F76484EAF1E4C554CCB459-single.jpg','single'),(56,'3718919977F76484EAF1E4C554CCB459','vrphoto/74616a61efd64e9387dccc2477b21638-3718919977F76484EAF1E4C554CCB459-single.jpg','single'),(57,'17321914392','vrphoto/983c091be8b64407ac0e85a90148a6ab-17321914392-front.jpg','front'),(58,'17321914392','vrphoto/53a7e0dc5608485499717b501686b211-17321914392-back.jpg','back'),(59,'17321914392','vrphoto/f83addd8686b4c08b04799756da4855b-17321914392-left.jpg','left'),(60,'17321914392','vrphoto/32c668489cea4234ab2286b4b983dfc0-17321914392-right.jpg','right'),(61,'17321914392','vrphoto/c5cc877a0b794286920f95f5793d3d54-17321914392-top.jpg','top'),(62,'17321914392','vrphoto/988006b32e214f9c855f8cf38a643fb7-17321914392-bottom.jpg','bottom'),(63,'17321914392','vrphoto/d6345895fa814a44951d60efce58c518-17321914392-single.jpg','single');

/*Table structure for table `vrphoto_info_db` */

DROP TABLE IF EXISTS `vrphoto_info_db`;

CREATE TABLE `vrphoto_info_db` (
  `vrphoto_info_id` int(11) NOT NULL AUTO_INCREMENT COMMENT '主键id',
  `vrphoto_info_type` varchar(16) NOT NULL COMMENT '图片类型,sola、combination等',
  `vrphoto_info_content` longtext NOT NULL COMMENT '图片参数设置',
  `vrphoto_id_one` int(11) NOT NULL COMMENT 'vr图片id，该字段不能为空,单张图可存入次字段',
  `vrphoto_id_two` int(11) DEFAULT NULL COMMENT 'vr图片id，该字段可为空',
  `vrphoto_id_three` int(11) DEFAULT NULL COMMENT 'vr图片id，该字段可为空',
  `vrphoto_id_four` int(11) DEFAULT NULL COMMENT 'vr图片id，该字段可为空',
  `vrphoto_id_five` int(11) DEFAULT NULL COMMENT 'vr图片id，该字段可为空',
  `vrphoto_id_six` int(11) DEFAULT NULL COMMENT 'vr图片id，该字段可为空',
  `vrphoto_info_stats` int(5) DEFAULT '1' COMMENT 'vr图片状态',
  `user_authentication_id` varchar(128) NOT NULL COMMENT '用户认证id',
  `vrphoto_info_des` varchar(128) DEFAULT NULL COMMENT '照片介绍',
  `vrphoto_info_time` int(11) NOT NULL DEFAULT '1527252549' COMMENT '上传时间',
  `vrphoto_info_heartnum` int(11) DEFAULT '0' COMMENT '点赞数',
  `vrphoto_info_viewnum` int(11) DEFAULT '0' COMMENT '查看数',
  `vrphoto_info_recommend` int(2) DEFAULT '0' COMMENT '是否上推荐，0不推荐，1推荐',
  PRIMARY KEY (`vrphoto_info_id`),
  KEY `vrphoto_id_one` (`vrphoto_id_one`),
  KEY `vrphoto_id_two` (`vrphoto_id_two`),
  KEY `vrphoto_id_three` (`vrphoto_id_three`),
  KEY `vrphoto_id_four` (`vrphoto_id_four`),
  KEY `vrphoto_id_five` (`vrphoto_id_five`),
  KEY `vrphoto_id_six` (`vrphoto_id_six`),
  KEY `FK_vrphoto_info_db` (`vrphoto_info_stats`),
  KEY `user_authen_id` (`user_authentication_id`),
  CONSTRAINT `FK_vrphoto_info_db` FOREIGN KEY (`vrphoto_info_stats`) REFERENCES `vrphoto_stats` (`vrphoto_stats_id`) ON DELETE CASCADE ON UPDATE CASCADE,
  CONSTRAINT `user_authen_id` FOREIGN KEY (`user_authentication_id`) REFERENCES `user_db` (`user_authentication_id`) ON DELETE CASCADE ON UPDATE CASCADE,
  CONSTRAINT `vrphoto_info_db_ibfk_1` FOREIGN KEY (`vrphoto_id_one`) REFERENCES `vrphoto_db` (`vrphoto_id`) ON DELETE CASCADE ON UPDATE CASCADE,
  CONSTRAINT `vrphoto_info_db_ibfk_2` FOREIGN KEY (`vrphoto_id_two`) REFERENCES `vrphoto_db` (`vrphoto_id`) ON DELETE CASCADE ON UPDATE CASCADE,
  CONSTRAINT `vrphoto_info_db_ibfk_3` FOREIGN KEY (`vrphoto_id_three`) REFERENCES `vrphoto_db` (`vrphoto_id`) ON DELETE CASCADE ON UPDATE CASCADE,
  CONSTRAINT `vrphoto_info_db_ibfk_4` FOREIGN KEY (`vrphoto_id_four`) REFERENCES `vrphoto_db` (`vrphoto_id`) ON DELETE CASCADE ON UPDATE CASCADE,
  CONSTRAINT `vrphoto_info_db_ibfk_5` FOREIGN KEY (`vrphoto_id_five`) REFERENCES `vrphoto_db` (`vrphoto_id`) ON DELETE CASCADE ON UPDATE CASCADE,
  CONSTRAINT `vrphoto_info_db_ibfk_6` FOREIGN KEY (`vrphoto_id_six`) REFERENCES `vrphoto_db` (`vrphoto_id`) ON DELETE CASCADE ON UPDATE CASCADE
) ENGINE=InnoDB AUTO_INCREMENT=47 DEFAULT CHARSET=utf8;

/*Data for the table `vrphoto_info_db` */

insert  into `vrphoto_info_db`(`vrphoto_info_id`,`vrphoto_info_type`,`vrphoto_info_content`,`vrphoto_id_one`,`vrphoto_id_two`,`vrphoto_id_three`,`vrphoto_id_four`,`vrphoto_id_five`,`vrphoto_id_six`,`vrphoto_info_stats`,`user_authentication_id`,`vrphoto_info_des`,`vrphoto_info_time`,`vrphoto_info_heartnum`,`vrphoto_info_viewnum`,`vrphoto_info_recommend`) values (14,'sola','{\"photoType\":\"sola\",\"photoDeg\":720}',24,NULL,NULL,NULL,NULL,NULL,2,'17321914392','大沙漠',1528362948,153,15,0),(15,'sola','{\"photoType\":\"sola\",\"photoDeg\":720}',25,NULL,NULL,NULL,NULL,NULL,2,'17321914392','走过这座桥你就是最幸运的人',1528362994,149,51,0),(16,'sola','{\"photoType\":\"sola\",\"photoDeg\":720}',26,NULL,NULL,NULL,NULL,NULL,2,'17321914392','灯塔＋星空 简直不要太美',1528363043,193,38,1),(17,'sola','{\"photoType\":\"sola\",\"photoDeg\":720}',27,NULL,NULL,NULL,NULL,NULL,2,'17321914392','emmm 粉红系',1528363139,61,12,0),(18,'sola','{\"photoType\":\"sola\",\"photoDeg\":720}',28,NULL,NULL,NULL,NULL,NULL,2,'17321914392','迪拜哈利法塔',1528363167,193,16,1),(19,'sola','{\"photoType\":\"sola\",\"photoDeg\":720}',29,NULL,NULL,NULL,NULL,NULL,2,'17321914392','这里是哪儿我也不知道，反正漂亮就对了',1528363198,61,8,0),(20,'sola','{\"photoType\":\"sola\",\"photoDeg\":720}',30,NULL,NULL,NULL,NULL,NULL,2,'17321914392','撒哈拉沙漠',1528363218,61,3,0),(21,'sola','{\"photoType\":\"sola\",\"photoDeg\":720}',31,NULL,NULL,NULL,NULL,NULL,2,'17321914392','看到这里你有没有想起某部电影',1528363249,193,16,1),(22,'sola','{\"photoType\":\"sola\",\"photoDeg\":720}',32,NULL,NULL,NULL,NULL,NULL,2,'17321914392','阿勒泰地区·禾木喀纳斯',1528363274,61,5,0),(23,'sola','{\"photoType\":\"sola\",\"photoDeg\":720}',33,NULL,NULL,NULL,NULL,NULL,2,'17321914392','有没有看出来这是牛背山',1528363298,261,4,0),(24,'sola','{\"photoType\":\"sola\",\"photoDeg\":720}',34,NULL,NULL,NULL,NULL,NULL,2,'17321914392','向日葵',1528363315,191,2,0),(25,'sola','{\"photoType\":\"sola\",\"photoDeg\":720}',35,NULL,NULL,NULL,NULL,NULL,2,'17321914392','没话说，就是漂亮',1528363337,74,3,0),(26,'sola','{\"photoType\":\"sola\",\"photoDeg\":720}',36,NULL,NULL,NULL,NULL,NULL,2,'3718919977F76484EAF1E4C554CCB459','啦啦啦啦啦',1528364919,61,4,0),(27,'sola','{\"photoType\":\"sola\",\"photoDeg\":720}',37,NULL,NULL,NULL,NULL,NULL,2,'3718919977F76484EAF1E4C554CCB459','罗浮宫',1528364977,61,2,0),(28,'sola','{\"photoType\":\"sola\",\"photoDeg\":720}',38,NULL,NULL,NULL,NULL,NULL,2,'3718919977F76484EAF1E4C554CCB459','红霞与星空',1528365016,104,9,0),(29,'sola','{\"photoType\":\"sola\",\"photoDeg\":720}',39,NULL,NULL,NULL,NULL,NULL,2,'3718919977F76484EAF1E4C554CCB459','一幅油画',1528365465,127,8,0),(30,'sola','{\"photoType\":\"sola\",\"photoDeg\":720}',40,NULL,NULL,NULL,NULL,NULL,2,'3718919977F76484EAF1E4C554CCB459','你是否想拥有这样一个家',1528365489,148,8,0),(31,'sola','{\"photoType\":\"sola\",\"photoDeg\":720}',41,NULL,NULL,NULL,NULL,NULL,2,'3718919977F76484EAF1E4C554CCB459','海贼王——正义之门',1528365520,203,16,0),(32,'sola','{\"photoType\":\"sola\",\"photoDeg\":720}',42,NULL,NULL,NULL,NULL,NULL,2,'3718919977F76484EAF1E4C554CCB459','月球的脚印',1528365661,193,5,0),(33,'sola','{\"photoType\":\"sola\",\"photoDeg\":720}',43,NULL,NULL,NULL,NULL,NULL,2,'3718919977F76484EAF1E4C554CCB459','夕阳日落爱琴海',1528365823,116,78,0),(35,'sola','{\"photoType\":\"sola\",\"photoDeg\":720}',45,NULL,NULL,NULL,NULL,NULL,2,'17321914392','WingStudio工作室',1529033631,61,22,0),(36,'sola','{\"photoType\":\"sola\",\"photoDeg\":\"720\"}',46,NULL,NULL,NULL,NULL,NULL,2,'3718919977F76484EAF1E4C554CCB459','梦幻海底世界',1534767134,35,31,0),(37,'sola','{\"photoType\":\"sola\",\"photoDeg\":\"720\"}',47,NULL,NULL,NULL,NULL,NULL,2,'3718919977F76484EAF1E4C554CCB459','花魁成海，你在不在',1534767196,34,8,0),(38,'sola','{\"photoType\":\"sola\",\"photoDeg\":720}',48,NULL,NULL,NULL,NULL,NULL,2,'3718919977F76484EAF1E4C554CCB459','巴西伊瓜苏瀑布',1534767227,33,8,0),(39,'sola','{\"photoType\":\"sola\",\"photoDeg\":720}',49,NULL,NULL,NULL,NULL,NULL,2,'3718919977F76484EAF1E4C554CCB459','换个角度看埃菲尔铁塔',1534767602,33,7,0),(40,'sola','{\"photoType\":\"sola\",\"photoDeg\":720}',50,NULL,NULL,NULL,NULL,NULL,2,'3718919977F76484EAF1E4C554CCB459','挪威极光',1534767668,32,6,0),(41,'sola','{\"photoType\":\"sola\",\"photoDeg\":720}',51,NULL,NULL,NULL,NULL,NULL,2,'3718919977F76484EAF1E4C554CCB459','樱花钟楼',1534767705,32,15,0),(43,'sola','{\"photoType\":\"sola\",\"photoDeg\":\"720\"}',53,NULL,NULL,NULL,NULL,NULL,2,'3718919977F76484EAF1E4C554CCB459','波兰花田',1534820011,26,1,0),(44,'sola','{\"photoType\":\"sola\",\"photoDeg\":720}',54,NULL,NULL,NULL,NULL,NULL,2,'3718919977F76484EAF1E4C554CCB459','广州云彩☁☁',1534820042,26,10,0),(45,'sola','{\"photoType\":\"sola\",\"photoDeg\":720}',55,NULL,NULL,NULL,NULL,NULL,2,'3718919977F76484EAF1E4C554CCB459','威尼斯圣马可广场',1534820069,26,6,0),(46,'sola','{\"photoType\":\"sola\",\"photoDeg\":720}',56,NULL,NULL,NULL,NULL,NULL,2,'3718919977F76484EAF1E4C554CCB459','一起看日出日落',1534820104,26,4,1);

/*Table structure for table `vrphoto_stats` */

DROP TABLE IF EXISTS `vrphoto_stats`;

CREATE TABLE `vrphoto_stats` (
  `vrphoto_stats_id` int(5) NOT NULL AUTO_INCREMENT COMMENT '主键id，状态码',
  `vrphoto_stats_des` varchar(32) NOT NULL COMMENT '状态码说明',
  PRIMARY KEY (`vrphoto_stats_id`)
) ENGINE=InnoDB AUTO_INCREMENT=4 DEFAULT CHARSET=utf8;

/*Data for the table `vrphoto_stats` */

insert  into `vrphoto_stats`(`vrphoto_stats_id`,`vrphoto_stats_des`) values (1,'审核中'),(2,'审核通过'),(3,'审核不通过');

/*Table structure for table `unvoted` */

DROP TABLE IF EXISTS `unvoted`;

/*!50001 DROP VIEW IF EXISTS `unvoted` */;
/*!50001 DROP TABLE IF EXISTS `unvoted` */;

/*!50001 CREATE TABLE  `unvoted`(
 `real_name` varchar(16) NOT NULL 
)*/;

/*View structure for view unvoted */

/*!50001 DROP TABLE IF EXISTS `unvoted` */;
/*!50001 DROP VIEW IF EXISTS `unvoted` */;

/*!50001 CREATE ALGORITHM=UNDEFINED DEFINER=`root`@`localhost` SQL SECURITY DEFINER VIEW `unvoted` AS select `user_t`.`real_name` AS `real_name` from `user_t` where (not(`user_t`.`real_name` in (select `user_t`.`real_name` from ((`rater_vote_log_t` join `user_t` on((`rater_vote_log_t`.`rater_id` = `user_t`.`id`))) join `college_t` on(((`college_t`.`id` = `rater_vote_log_t`.`vote_college_id`) and (`college_t`.`college_name` = '动物科技学院'))))))) */;

/*!40101 SET SQL_MODE=@OLD_SQL_MODE */;
/*!40014 SET FOREIGN_KEY_CHECKS=@OLD_FOREIGN_KEY_CHECKS */;
/*!40014 SET UNIQUE_CHECKS=@OLD_UNIQUE_CHECKS */;
/*!40111 SET SQL_NOTES=@OLD_SQL_NOTES */;
